domain	doc_id
1111	2
1111	5
1111	11
1111	14
1111	17
1111	20
1111	23
1111	26
1111	29
1111	32
1111	41
1111	47
1111	50
1111	53
1111	56
1111	59
1111	62
1111	68
1111	77
1111	80
1111	83
1111	86
1111	89
1111	92
1111	95
1111	98
1111	101
1111	104
1111	107
1111	110
1111	116
1111	119
1112	122
1112	125
1112	131
1112	137
1112	140
1112	146
1112	149
1112	152
1112	158
1112	161
1112	164
1112	167
1112	170
1112	173
1112	176
1112	179
1112	188
1112	191
1112	197
1112	200
1112	206
1112	209
1112	212
1112	218
1112	221
1112	224
1112	227
1112	230
1112	236
1112	245
1112	248
1112	251
1112	254
1112	257
1112	260
1112	263
1112	266
1112	269
1112	272
1112	278
1112	281
1112	284
1112	287
1112	293
1112	299
1112	302
1112	305
1112	308
1112	311
1112	314
1113	317
1113	320
1113	323
1113	326
1113	329
1113	332
1113	335
1113	338
1113	341
1113	344
1114	347
1114	350
1114	353
1114	356
1114	359
1114	362
1114	365
1114	371
1114	374
1114	377
1114	380
1114	383
1114	386
1114	389
1114	392
1114	395
1114	398
1114	401
1114	404
1114	407
1114	410
1114	413
1114	416
1114	425
1114	431
1114	434
1120	437
1120	440
1120	446
1120	449
1120	452
1120	455
1120	458
1120	461
1120	464
1120	467
1120	473
1120	476
1120	479
1211	482
1211	485
1211	488
1211	491
1211	494
1211	497
1211	506
1212	512
1212	515
1212	521
1212	524
1212	527
1212	530
1212	533
1212	536
1212	539
1212	542
1212	545
1212	551
1212	554
1213	557
1213	560
1213	566
1213	572
1213	575
1213	578
1213	581
1213	584
1213	587
1213	590
1213	593
1213	596
1213	599
1219	602
1219	605
1219	611
1219	614
1219	617
1219	620
1219	626
1219	629
1219	635
1219	641
1219	644
1219	647
1219	650
1219	653
1219	656
1219	659
1221	662
1221	668
1221	671
1221	674
1221	677
1221	680
1221	683
1221	686
1221	689
1222	692
1222	695
1222	698
1222	701
1222	704
1222	707
1222	710
1222	713
1222	716
1222	719
1223	725
1223	731
1223	734
1223	737
1223	740
1223	746
1223	749
1311	752
1311	755
1311	758
1311	761
1311	764
1311	767
1311	770
1311	776
1311	779
1311	782
1311	785
1311	788
1311	791
1311	794
1312	797
1312	803
1312	806
1312	809
1312	812
1312	815
1312	818
1312	821
1312	824
1312	827
1312	830
1312	833
1312	836
1312	839
1312	842
1312	845
1312	848
1312	851
1312	854
1321	860
1321	863
1321	866
1321	869
1321	872
1321	878
1321	881
1321	884
1321	887
1321	890
1321	896
1321	899
1322	905
1322	908
1322	911
1322	914
1322	917
1322	920
1322	923
1322	926
1322	932
1322	935
1322	938
1322	941
1322	944
1322	947
1322	950
1322	953
1322	956
1322	959
1322	962
1322	965
1322	968
1322	971
1322	974
1323	977
1323	980
1323	983
1323	986
1323	989
1323	992
1323	995
1323	1001
1323	1004
1323	1007
1323	1010
1323	1013
1323	1016
1323	1019
1324	1022
1324	1028
1324	1031
1324	1034
1324	1037
1324	1040
1324	1043
1324	1046
1324	1049
1324	1052
1324	1061
1324	1064
1324	1073
1324	1076
1324	1079
1324	1082
1324	1085
1324	1088
1324	1091
1324	1094
1324	1097
1324	1100
1324	1103
1324	1106
1324	1109
1324	1112
1324	1115
1324	1118
1324	1124
1324	1127
1324	1130
1324	1133
1324	1136
1324	1139
1324	1142
1324	1145
1324	1148
1324	1151
1324	1154
1324	1157
1324	1160
1324	1166
1324	1169
1330	1172
1330	1175
1330	1181
1330	1184
1330	1187
1330	1190
1330	1193
1330	1196
1330	1199
1330	1202
1330	1208
1330	1211
1330	1214
1330	1217
1330	1220
1330	1223
1330	1226
1330	1229
1330	1232
1330	1241
1330	1244
1330	1247
1330	1250
1330	1256
1330	1259
1330	1262
1330	1268
1330	1271
1330	1274
1330	1277
1330	1280
1330	1286
1330	1289
1330	1292
1330	1295
1330	1298
1330	1304
1341	1307
1341	1310
1341	1316
1341	1319
1342	1322
1342	1325
1342	1328
1342	1331
1342	1334
1342	1337
1342	1340
1342	1343
1342	1346
1342	1349
1342	1352
1342	1355
1342	1358
1342	1361
1342	1364
1342	1367
1342	1376
1342	1382
1342	1388
1342	1391
1342	1397
1342	1400
1342	1403
1342	1406
1342	1409
1342	1412
1342	1415
1342	1418
1342	1421
1342	1424
1343	1427
1343	1430
1343	1433
1343	1436
1343	1439
1343	1442
1343	1445
1343	1448
1343	1451
1343	1457
1343	1460
1343	1463
1343	1466
1343	1469
1343	1472
1343	1475
1343	1478
1343	1481
1343	1484
1344	1487
1344	1490
1344	1493
1344	1496
1344	1499
1344	1502
1344	1505
1344	1508
1344	1511
1344	1514
1344	1517
1344	1520
1344	1523
1344	1526
1344	1529
1344	1532
1344	1535
1344	1538
1344	1541
1344	1544
1345	1547
1345	1550
1345	1556
1345	1562
1345	1571
1345	1574
1345	1577
1345	1580
1345	1583
1345	1586
1345	1589
1345	1592
1345	1598
1345	1601
1346	1607
1346	1610
1346	1613
1346	1619
1346	1622
1346	1625
1346	1628
1346	1631
1346	1634
1346	1637
1346	1640
1346	1646
1346	1649
1346	1652
1346	1658
1346	1661
1346	1664
1346	1667
1346	1670
1346	1673
1346	1676
1346	1679
1349	1682
1349	1691
1349	1694
1349	1697
1349	1700
1349	1703
1349	1706
1349	1709
1349	1712
1349	1715
1349	1721
1349	1724
1349	1727
1349	1730
1349	1736
1349	1742
1349	1745
1349	1748
1349	1751
1349	1754
1349	1757
1349	1763
1349	1766
1349	1769
1349	1772
1349	1778
1349	1781
1349	1784
1349	1787
1349	1796
1349	1799
1411	1802
1411	1805
1411	1808
1411	1811
1411	1814
1411	1817
1411	1820
1411	1823
1411	1826
1411	1832
1411	1835
1411	1838
1411	1841
1411	1844
1412	1847
1412	1850
1412	1853
1412	1856
1412	1859
1412	1862
1412	1865
1412	1871
1412	1874
1412	1877
1412	1880
1412	1886
1412	1889
1420	1892
1420	1898
1420	1901
1420	1907
1420	1910
1420	1913
1420	1919
1420	1922
1420	1928
1420	1931
1420	1934
1420	1937
1420	1940
1420	1943
1420	1946
1420	1949
1431	1952
1431	1955
1431	1958
1431	1961
1431	1964
1431	1967
1431	1970
1431	1973
1431	1976
1431	1982
1431	1985
1431	1988
1431	1991
1431	1994
1431	1997
1431	2000
1431	2003
1431	2006
1431	2009
1431	2012
1431	2015
1431	2021
1431	2024
1431	2027
1431	2030
1431	2033
1431	2036
1431	2039
1431	2042
1431	2045
1431	2051
1431	2054
1431	2057
1431	2060
1431	2063
1431	2066
1431	2069
1431	2072
1431	2075
1431	2078
1431	2081
1431	2084
1439	2087
1439	2090
1439	2096
1439	2099
1439	2102
1439	2105
1439	2108
1439	2111
1439	2114
1439	2117
1439	2120
1439	2123
1439	2126
1439	2129
1439	2132
1439	2138
1439	2141
1439	2144
1439	2147
1439	2150
1439	2156
1439	2159
1439	2162
1439	2165
1439	2168
1439	2171
1439	2174
2111	2177
2111	2186
2111	2189
2111	2195
2111	2201
2111	2204
2111	2207
2111	2210
2111	2219
2111	2222
2111	2225
2111	2231
2111	2234
2112	2237
2112	2240
2112	2246
2112	2249
2112	2252
2112	2261
2112	2264
2112	2267
2112	2276
2112	2279
2112	2282
2112	2285
2112	2288
2112	2291
2112	2294
2113	2297
2113	2300
2113	2303
2113	2306
2113	2309
2114	2312
2114	2315
2114	2321
2114	2324
2114	2327
2114	2339
2114	2342
2114	2345
2114	2348
2114	2351
2114	2354
2114	2357
2114	2360
2114	2366
2114	2369
2114	2375
2114	2381
2114	2384
2120	2387
2120	2396
2120	2399
2120	2402
2120	2405
2120	2411
2120	2414
2120	2417
2120	2420
2120	2429
2120	2432
2120	2435
2120	2441
2120	2444
2120	2447
2120	2450
2120	2456
2120	2459
2131	2462
2131	2465
2131	2471
2131	2474
2131	2477
2131	2489
2131	2492
2131	2495
2131	2501
2131	2504
2131	2507
2131	2510
2131	2516
2131	2519
2131	2522
2131	2525
2131	2531
2131	2534
2131	2537
2131	2540
2131	2549
2131	2552
2131	2555
2131	2561
2131	2564
2131	2570
2131	2579
2131	2582
2131	2585
2131	2591
2131	2594
2131	2597
2131	2606
2131	2609
2131	2612
2131	2615
2131	2624
2131	2627
2131	2630
2131	2636
2131	2639
2131	2642
2131	2648
2131	2651
2131	2657
2131	2666
2131	2669
2132	2675
2132	2681
2132	2684
2132	2687
2132	2690
2132	2696
2132	2699
2132	2702
2132	2705
2132	2711
2132	2714
2132	2717
2132	2720
2132	2726
2132	2729
2132	2732
2132	2738
2132	2741
2132	2744
2132	2747
2132	2750
2132	2756
2132	2759
2132	2762
2132	2765
2132	2771
2132	2774
2133	2780
2133	2786
2133	2792
2133	2795
2133	2798
2133	2801
2133	2804
2133	2807
2133	2810
2133	2816
2133	2819
2133	2822
2133	2825
2133	2831
2133	2834
2133	2837
2133	2840
2133	2843
2133	2846
2133	2849
2133	2852
2133	2864
2133	2867
2133	2870
2133	2873
2133	2876
2133	2879
2133	2882
2133	2885
2133	2891
2133	2894
2133	2906
2133	2909
2133	2912
2133	2915
2133	2921
2133	2924
2133	2936
2133	2939
2141	2942
2141	2945
2141	2951
2141	2954
2141	2957
2141	2966
2141	2969
2141	2972
2141	2975
2141	2981
2141	2984
2141	2987
2141	2990
2141	2996
2141	2999
2142	3002
2142	3008
2142	3011
2142	3014
2142	3017
2142	3020
2142	3023
2142	3026
2142	3029
2142	3035
2142	3041
2142	3044
2143	3047
2143	3050
2143	3056
2143	3059
2143	3077
2143	3080
2143	3086
2143	3089
2143	3092
2143	3095
2143	3101
2143	3104
2143	3107
2143	3110
2143	3116
2143	3119
2144	3122
2144	3125
2144	3131
2144	3134
2144	3140
2144	3143
2144	3149
2144	3152
2144	3155
2144	3158
2144	3161
2144	3164
2144	3167
2144	3170
2144	3176
2144	3179
2144	3182
2144	3185
2144	3188
2144	3191
2144	3194
2145	3197
2145	3200
2145	3206
2145	3209
2145	3212
2145	3215
2145	3221
2145	3224
2145	3227
2145	3230
2145	3236
2145	3239
2145	3242
2145	3245
2145	3248
2145	3251
2145	3254
2146	3257
2146	3260
2146	3266
2146	3269
2146	3272
2146	3275
2146	3281
2146	3284
2146	3287
2146	3290
2146	3296
2146	3299
2149	3302
2149	3305
2149	3314
2149	3317
2149	3320
2149	3323
2149	3326
2149	3329
2149	3332
2149	3335
2149	3338
2149	3341
2149	3344
2149	3347
2149	3353
2149	3356
2149	3359
2149	3362
2149	3365
2149	3371
2149	3374
2149	3377
2149	3380
2149	3386
2149	3389
2149	3392
2149	3395
2149	3398
2149	3401
2149	3404
2149	3407
2149	3410
2149	3416
2149	3419
2151	3422
2151	3425
2151	3431
2151	3434
2151	3437
2151	3440
2151	3446
2151	3449
2151	3452
2151	3455
2151	3461
2151	3464
2152	3467
2152	3470
2152	3473
2152	3476
2152	3479
2152	3482
2152	3485
2152	3488
2152	3491
2152	3494
2152	3497
2152	3506
2152	3509
2153	3512
2153	3515
2153	3518
2153	3524
2153	3527
2153	3530
2153	3536
2153	3539
2153	3542
2153	3545
2153	3548
2153	3551
2153	3554
2161	3566
2161	3569
2161	3572
2161	3575
2161	3581
2161	3584
2162	3587
2162	3590
2162	3596
2162	3599
2163	3602
2163	3605
2163	3608
2163	3611
2163	3614
2163	3620
2163	3626
2163	3629
2163	3632
2163	3638
2163	3641
2163	3644
2163	3647
2163	3650
2163	3653
2163	3656
2163	3659
2164	3665
2164	3671
2164	3677
2164	3680
2164	3686
2164	3689
2164	3704
2165	3707
2165	3710
2165	3713
2165	3716
2165	3719
2165	3722
2165	3725
2165	3728
2165	3731
2165	3734
2165	3737
2165	3740
2165	3743
2165	3746
2165	3749
2165	3755
2165	3761
2165	3764
2165	3767
2165	3770
2165	3773
2165	3776
2165	3779
2165	3782
2165	3785
2165	3788
2165	3791
2165	3794
2165	3797
2165	3800
2165	3803
2165	3806
2165	3809
2166	3812
2166	3815
2166	3818
2166	3821
2166	3824
2166	3827
2166	3836
2166	3839
2166	3842
2166	3845
2166	3848
2166	3854
2166	3860
2166	3866
2166	3875
2166	3878
2166	3881
2166	3884
2166	3887
2166	3890
2166	3896
2166	3899
2166	3902
2166	3905
2166	3908
2166	3911
2166	3914
2166	3917
2166	3920
2166	3926
2166	3929
2166	3932
2166	3935
2166	3938
2166	3941
2166	3944
2211	3947
2211	3950
2211	3953
2211	3956
2211	3959
2211	3962
2211	3968
2211	3971
2211	3974
2211	3977
2211	3980
2211	3986
2211	3989
2211	3992
2211	4001
2211	4004
2211	4007
2211	4016
2211	4019
2211	4022
2211	4028
2211	4031
2211	4034
2211	4040
2211	4046
2211	4049
2211	4052
2211	4055
2211	4058
2211	4061
2211	4064
2212	4070
2212	4076
2212	4079
2212	4082
2212	4088
2212	4091
2212	4094
2212	4097
2212	4100
2212	4106
2212	4109
2212	4115
2212	4118
2212	4124
2212	4127
2212	4130
2212	4136
2212	4145
2212	4151
2212	4154
2212	4166
2212	4169
2212	4175
2212	4181
2212	4184
2212	4187
2212	4190
2212	4196
2212	4199
2212	4202
2212	4205
2212	4208
2212	4211
2212	4214
2212	4220
2212	4226
2212	4229
2212	4232
2212	4235
2212	4241
2212	4244
2212	4247
2212	4250
2212	4253
2212	4256
2212	4259
2212	4262
2212	4265
2212	4271
2212	4274
2212	4280
2212	4283
2212	4286
2212	4289
2212	4292
2212	4301
2212	4304
2212	4307
2212	4310
2212	4313
2212	4316
2212	4319
2221	4322
2221	4325
2221	4328
2221	4331
2221	4334
2221	4337
2221	4340
2221	4349
2221	4352
2221	4355
2221	4358
2221	4364
2221	4367
2221	4370
2221	4373
2221	4376
2221	4379
2221	4382
2221	4388
2221	4391
2221	4394
2221	4397
2221	4406
2221	4409
2221	4412
2221	4421
2221	4427
2221	4430
2221	4436
2221	4439
2221	4442
2221	4448
2221	4451
2221	4454
2222	4457
2222	4460
2222	4463
2222	4466
2222	4469
2230	4472
2230	4475
2230	4481
2230	4484
2230	4487
2230	4490
2230	4493
2230	4496
2230	4499
2230	4502
2230	4505
2230	4508
2230	4511
2230	4514
2230	4517
2230	4520
2230	4529
2230	4532
2230	4535
2230	4538
2230	4541
2230	4544
2230	4547
2230	4550
2230	4553
2230	4556
2230	4559
2240	4562
2240	4565
2240	4571
2240	4574
2240	4577
2240	4580
2240	4583
2240	4586
2240	4589
2240	4592
2240	4595
2240	4598
2240	4601
2240	4604
2240	4607
2240	4610
2240	4613
2240	4616
2240	4619
2240	4622
2240	4625
2240	4628
2240	4631
2240	4634
2250	4640
2250	4646
2250	4649
2250	4652
2250	4655
2250	4658
2250	4661
2250	4664
2250	4667
2250	4670
2250	4679
2250	4682
2250	4685
2250	4691
2250	4694
2250	4700
2250	4706
2250	4709
2261	4712
2261	4715
2261	4718
2261	4721
2261	4724
2261	4730
2261	4733
2261	4736
2261	4739
2261	4754
2261	4757
2261	4769
2261	4772
2261	4775
2261	4778
2261	4781
2261	4784
2261	4787
2261	4790
2261	4796
2261	4799
2261	4814
2261	4817
2261	4820
2261	4826
2261	4829
2261	4832
2261	4838
2261	4844
2261	4847
2261	4850
2261	4853
2261	4856
2261	4859
2261	4862
2261	4871
2261	4874
2262	4877
2262	4880
2262	4883
2262	4886
2262	4889
2262	4892
2262	4895
2262	4898
2262	4901
2262	4904
2262	4907
2262	4916
2262	4919
2262	4922
2262	4925
2262	4928
2262	4931
2262	4934
2263	4937
2263	4940
2263	4943
2263	4946
2263	4949
2263	4952
2263	4955
2263	4958
2263	4961
2263	4964
2263	4967
2263	4970
2263	4976
2263	4979
2263	4982
2263	4985
2263	4991
2263	4994
2264	5000
2264	5009
2264	5018
2264	5021
2264	5024
2264	5027
2264	5030
2264	5033
2264	5036
2264	5039
2264	5042
2264	5048
2264	5054
2264	5057
2264	5069
2264	5072
2264	5078
2264	5081
2264	5084
2265	5087
2265	5096
2265	5099
2265	5102
2265	5105
2265	5111
2265	5114
2265	5120
2265	5129
2265	5141
2265	5144
2265	5147
2265	5150
2265	5156
2265	5159
2266	5162
2266	5174
2266	5177
2266	5189
2266	5192
2266	5201
2266	5204
2266	5216
2267	5222
2267	5225
2267	5231
2267	5234
2267	5240
2267	5246
2267	5249
2267	5255
2267	5261
2267	5264
2269	5267
2269	5270
2269	5285
2269	5288
2269	5291
2269	5294
2269	5297
2269	5300
2269	5306
2269	5309
2269	5312
2269	5315
2269	5324
2269	5327
2269	5330
2269	5336
2269	5339
2269	5342
2269	5345
2269	5354
2269	5357
2269	5360
2269	5366
2269	5369
2310	5372
2310	5378
2310	5390
2310	5399
2310	5402
2310	5405
2310	5408
2310	5411
2310	5414
2310	5417
2310	5420
2310	5423
2310	5426
2310	5429
2320	5432
2320	5435
2320	5438
2320	5441
2320	5444
2320	5447
2320	5450
2320	5456
2320	5459
2320	5465
2320	5471
2320	5474
2330	5477
2330	5483
2330	5489
2330	5492
2330	5498
2330	5501
2330	5504
2341	5507
2341	5510
2341	5513
2341	5519
2342	5522
2342	5525
2342	5528
2342	5534
2342	5537
2342	5540
2342	5543
2342	5546
2342	5549
2351	5555
2351	5561
2351	5564
2351	5567
2351	5570
2351	5573
2351	5576
2351	5579
2351	5582
2351	5591
2351	5594
2351	5597
2351	5600
2351	5603
2351	5606
2351	5609
2351	5612
2351	5615
2351	5621
2351	5624
2352	5627
2352	5639
2352	5645
2352	5654
2352	5657
2352	5660
2352	5669
2352	5672
2352	5675
2352	5678
2352	5684
2352	5687
2352	5690
2352	5699
2352	5705
2352	5711
2352	5714
2353	5726
2353	5729
2353	5732
2353	5735
2353	5741
2353	5744
2353	5747
2353	5750
2353	5753
2353	5756
2353	5759
2353	5762
2353	5765
2353	5771
2353	5774
2354	5777
2354	5780
2354	5786
2354	5789
2354	5792
2354	5801
2354	5804
2354	5816
2354	5819
2354	5822
2354	5825
2354	5831
2354	5834
2355	5840
2355	5843
2355	5846
2355	5849
2355	5852
2355	5858
2355	5861
2355	5864
2355	5867
2355	5870
2355	5873
2355	5876
2355	5879
2355	5882
2355	5885
2355	5888
2355	5891
2355	5894
2356	5897
2356	5900
2356	5903
2356	5906
2356	5909
2356	5912
2356	5915
2356	5921
2356	5924
2359	5927
2359	5930
2359	5933
2359	5936
2359	5939
2359	5942
2359	5945
2359	5948
2359	5951
2359	5954
2359	5957
2359	5960
2359	5966
2359	5972
2359	5981
2359	5984
2411	5987
2411	5993
2411	5996
2411	5999
2411	6002
2411	6011
2411	6014
2411	6017
2411	6020
2411	6023
2411	6026
2411	6029
2411	6032
2411	6035
2411	6038
2411	6041
2411	6044
2411	6047
2411	6050
2411	6056
2411	6059
2411	6062
2411	6065
2411	6068
2411	6071
2411	6074
2411	6077
2411	6080
2411	6086
2411	6089
2411	6092
2411	6095
2411	6098
2411	6101
2411	6104
2412	6107
2412	6110
2412	6113
2412	6116
2412	6119
2412	6122
2412	6125
2412	6128
2412	6131
2412	6134
2412	6140
2412	6149
2413	6152
2413	6161
2413	6164
2413	6167
2413	6170
2413	6176
2413	6179
2413	6182
2413	6185
2413	6191
2413	6194
2421	6197
2421	6200
2421	6206
2421	6209
2421	6215
2421	6221
2421	6224
2421	6227
2421	6236
2421	6239
2422	6245
2422	6254
2422	6257
2422	6260
2422	6266
2422	6269
2422	6272
2422	6275
2422	6278
2422	6281
2422	6284
2423	6290
2423	6299
2423	6302
2423	6305
2423	6308
2423	6317
2423	6329
2423	6335
2423	6344
2423	6347
2423	6350
2423	6356
2423	6359
2423	6362
2423	6365
2423	6368
2423	6371
2423	6374
2423	6377
2423	6380
2423	6386
2423	6389
2423	6392
2423	6395
2423	6404
2424	6407
2424	6413
2424	6416
2424	6419
2424	6422
2424	6425
2424	6431
2424	6437
2424	6440
2424	6443
2424	6446
2424	6449
2431	6452
2431	6455
2431	6464
2431	6470
2431	6476
2431	6479
2431	6482
2431	6491
2431	6494
2432	6497
2432	6500
2432	6506
2432	6509
2432	6512
2432	6515
2432	6521
2432	6524
2432	6530
2432	6536
2432	6539
2432	6542
2432	6545
2432	6548
2432	6554
2433	6557
2433	6560
2433	6563
2433	6566
2433	6569
2433	6575
2433	6578
2433	6581
2433	6584
2433	6587
2433	6590
2433	6593
2433	6596
2433	6599
2434	6602
2434	6605
2434	6608
2434	6611
2434	6614
2434	6617
2434	6623
2434	6626
2434	6629
2511	6632
2511	6641
2511	6644
2511	6647
2511	6650
2511	6656
2511	6659
2511	6662
2511	6665
2511	6671
2511	6674
2511	6677
2511	6683
2511	6686
2511	6689
2511	6692
2511	6695
2511	6698
2511	6701
2511	6704
2512	6707
2512	6710
2512	6716
2512	6719
2512	6722
2512	6725
2512	6728
2512	6731
2512	6734
2512	6737
2512	6749
2512	6752
2512	6755
2512	6761
2512	6764
2513	6767
2513	6770
2513	6776
2513	6779
2513	6782
2513	6785
2513	6788
2513	6794
2513	6797
2513	6800
2513	6803
2513	6806
2513	6809
2513	6812
2513	6815
2513	6821
2513	6824
2513	6827
2513	6836
2513	6839
2513	6845
2513	6848
2513	6851
2513	6854
2514	6857
2514	6860
2514	6863
2514	6869
2519	6875
2519	6881
2519	6884
2519	6887
2519	6890
2519	6896
2519	6899
2519	6902
2519	6905
2519	6911
2519	6914
2521	6917
2521	6920
2521	6923
2521	6926
2521	6929
2521	6932
2521	6935
2521	6938
2521	6941
2521	6944
2521	6959
2521	6962
2521	6965
2521	6971
2521	6974
2522	6977
2522	6980
2522	6983
2522	6986
2522	6989
2522	6992
2522	6995
2522	7001
2522	7004
2523	7010
2523	7019
2523	7025
2523	7031
2523	7034
2529	7037
2529	7040
2529	7043
2529	7046
2529	7049
2529	7052
2529	7055
2529	7058
2529	7061
2529	7064
2529	7067
2529	7070
2529	7076
2529	7079
2611	7082
2611	7085
2611	7088
2611	7091
2611	7094
2611	7097
2611	7100
2611	7103
2611	7106
2611	7109
2611	7112
2611	7115
2611	7118
2611	7121
2611	7124
2611	7127
2611	7130
2611	7136
2611	7142
2611	7145
2611	7148
2611	7151
2611	7154
2612	7160
2612	7163
2612	7166
2612	7169
2612	7172
2612	7178
2612	7181
2612	7193
2612	7196
2612	7199
2619	7202
2619	7205
2619	7208
2619	7211
2619	7214
2619	7217
2619	7220
2619	7226
2619	7229
2619	7232
2619	7235
2619	7241
2619	7244
2621	7247
2621	7256
2621	7262
2621	7265
2621	7268
2621	7274
2621	7277
2621	7286
2621	7289
2621	7292
2621	7295
2621	7298
2621	7301
2621	7304
2622	7310
2622	7316
2622	7319
2622	7322
2622	7325
2622	7331
2622	7334
2622	7337
2622	7340
2622	7343
2622	7346
2622	7349
2631	7352
2631	7355
2631	7361
2631	7364
2631	7367
2631	7370
2631	7376
2631	7379
2631	7391
2631	7394
2631	7397
2631	7400
2631	7412
2631	7415
2631	7424
2632	7427
2632	7430
2632	7436
2632	7439
2632	7451
2632	7454
2632	7457
2632	7460
2632	7466
2632	7469
2632	7475
2632	7481
2632	7487
2632	7490
2632	7496
2632	7499
2632	7505
2632	7511
2632	7514
2633	7520
2633	7526
2633	7529
2633	7532
2633	7547
2633	7550
2633	7553
2633	7559
2633	7562
2633	7565
2633	7571
2633	7574
2634	7577
2634	7583
2634	7589
2634	7592
2634	7595
2634	7598
2634	7601
2634	7604
2634	7607
2634	7610
2634	7616
2634	7619
2634	7622
2634	7625
2634	7628
2634	7631
2634	7637
2634	7640
2634	7649
2635	7652
2635	7655
2635	7658
2635	7661
2635	7664
2635	7667
2635	7670
2635	7673
2635	7676
2635	7679
2635	7682
2635	7685
2635	7688
2635	7694
2635	7706
2635	7709
2635	7712
2635	7715
2635	7727
2635	7730
2635	7736
2635	7739
2635	7745
2635	7751
2635	7757
2635	7760
2635	7766
2635	7769
2635	7772
2635	7775
2635	7778
2635	7781
2635	7784
2635	7787
2635	7790
2635	7796
2635	7799
2635	7805
2635	7808
2635	7811
2635	7814
2636	7817
2636	7820
2636	7823
2636	7826
2636	7829
2636	7832
2636	7835
2636	7841
2636	7847
2636	7850
2636	7853
2636	7856
2636	7859
2636	7862
2636	7868
2636	7871
2636	7874
2636	7877
2636	7880
2636	7883
2636	7886
2636	7889
2636	7892
2636	7895
2636	7898
2636	7901
2636	7904
2641	7907
2641	7910
2641	7916
2641	7919
2641	7922
2641	7925
2641	7928
2641	7931
2641	7946
2641	7949
2641	7952
2641	7955
2641	7958
2641	7961
2641	7964
2641	7967
2641	7970
2641	7973
2641	7976
2641	7979
2641	7982
2641	7985
2641	7988
2641	7991
2641	7994
2641	7997
2641	8000
2641	8006
2641	8009
2641	8012
2641	8015
2641	8018
2641	8021
2641	8024
2641	8027
2641	8030
2641	8039
2641	8042
2641	8045
2641	8054
2641	8057
2641	8060
2641	8066
2641	8069
2641	8072
2641	8075
2641	8081
2641	8084
2641	8087
2641	8090
2641	8096
2641	8099
2642	8102
2642	8105
2642	8108
2642	8111
2642	8114
2642	8117
2642	8120
2642	8123
2642	8126
2642	8129
2642	8132
2642	8135
2642	8138
2642	8141
2642	8144
2642	8147
2642	8150
2642	8153
2642	8156
2642	8159
2642	8162
2642	8165
2642	8168
2642	8171
2642	8174
2642	8177
2642	8180
2642	8189
2642	8192
2642	8195
2642	8198
2642	8201
2642	8204
2643	8207
2643	8210
2643	8216
2643	8219
2643	8222
2643	8225
2643	8237
2643	8240
2643	8243
2643	8249
2643	8255
2643	8261
2643	8264
2643	8267
2643	8270
2643	8273
2643	8276
2643	8279
2643	8282
2643	8285
2643	8288
2643	8291
2643	8294
2643	8297
2643	8300
2643	8303
2643	8306
2643	8309
2651	8312
2651	8315
2651	8318
2651	8321
2651	8324
2651	8330
2651	8336
2651	8339
2651	8345
2651	8351
2651	8354
2651	8357
2651	8360
2651	8363
2651	8366
2651	8369
2651	8372
2651	8378
2651	8381
2651	8384
2651	8387
2651	8390
2651	8393
2651	8396
2651	8399
2652	8402
2652	8408
2652	8411
2652	8414
2652	8417
2652	8423
2652	8426
2652	8429
2652	8435
2652	8441
2652	8444
2652	8447
2652	8450
2652	8453
2652	8456
2652	8459
2652	8462
2652	8465
2652	8468
2652	8474
2652	8477
2652	8480
2652	8483
2652	8486
2652	8489
2652	8492
2652	8495
2652	8501
2652	8504
2652	8507
2652	8510
2652	8513
2652	8516
2652	8519
2652	8522
2652	8525
2652	8528
2652	8531
2652	8534
2652	8537
2652	8540
2652	8543
2652	8546
2652	8549
2653	8555
2653	8561
2653	8564
2653	8567
2653	8570
2653	8573
2653	8576
2653	8579
2653	8582
2653	8585
2653	8588
2653	8591
2653	8594
2653	8597
2653	8600
2653	8603
2653	8606
2653	8609
2654	8612
2654	8615
2654	8618
2654	8621
2654	8624
2654	8627
2654	8630
2654	8633
2654	8636
2654	8639
2654	8642
2654	8645
2654	8651
2654	8654
2654	8657
2654	8660
2654	8663
2654	8666
2654	8669
2654	8672
2654	8675
2654	8678
2654	8681
2654	8684
2654	8687
2654	8690
2654	8693
2654	8696
2654	8699
2654	8702
2654	8705
2654	8708
2654	8711
2654	8714
2654	8720
2654	8723
2654	8726
2654	8729
2655	8732
2655	8735
2655	8738
2655	8744
2655	8747
2655	8750
2655	8753
2655	8756
2655	8759
2655	8762
2655	8765
2655	8768
2655	8771
2655	8774
2656	8777
2656	8780
2656	8783
2656	8786
2656	8789
2656	8792
2656	8795
2656	8798
2656	8801
2656	8804
2656	8807
2656	8810
2656	8816
2656	8819
2656	8822
2656	8825
2656	8828
2656	8831
2656	8834
2656	8837
2656	8840
2656	8843
2656	8846
2656	8849
2656	8852
2656	8855
2656	8858
2656	8861
2656	8864
2656	8867
2656	8870
2656	8873
2656	8876
2656	8879
2659	8885
2659	8894
2659	8900
2659	8906
2659	8909
2659	8912
2659	8915
2659	8918
2659	8921
2659	8924
2659	8930
2659	8939
2659	8942
2659	8945
2659	8948
2659	8951
2659	8954
2659	8957
2659	8960
2659	8966
2659	8969
2659	8975
2659	8981
2659	8984
2659	8987
2659	8990
2659	8993
2659	8996
2659	8999
3111	9002
3111	9005
3111	9008
3111	9011
3111	9014
3111	9017
3111	9023
3111	9026
3111	9029
3111	9032
3111	9035
3111	9038
3111	9041
3111	9044
3111	9047
3111	9050
3111	9053
3111	9056
3111	9059
3112	9062
3112	9065
3112	9068
3112	9071
3112	9074
3112	9077
3112	9080
3112	9083
3112	9086
3112	9089
3112	9092
3112	9095
3112	9098
3112	9101
3112	9104
3112	9107
3112	9110
3112	9113
3112	9116
3112	9119
3112	9122
3112	9125
3112	9128
3112	9131
3112	9134
3112	9137
3112	9140
3112	9146
3112	9149
3112	9152
3112	9155
3112	9161
3112	9164
3112	9167
3112	9170
3112	9173
3112	9176
3112	9179
3113	9182
3113	9185
3113	9188
3113	9191
3113	9194
3113	9197
3113	9200
3113	9203
3113	9206
3113	9209
3114	9212
3114	9215
3114	9218
3114	9221
3114	9224
3115	9227
3115	9230
3115	9233
3115	9239
3115	9242
3115	9245
3115	9251
3115	9254
3115	9257
3115	9260
3115	9263
3115	9266
3115	9269
3115	9272
3115	9275
3115	9278
3115	9281
3115	9284
3115	9287
3115	9290
3115	9293
3115	9296
3115	9299
3116	9302
3116	9305
3116	9308
3116	9311
3116	9314
3116	9317
3116	9320
3116	9323
3116	9326
3116	9329
3117	9332
3117	9335
3117	9338
3117	9341
3117	9344
3117	9347
3117	9350
3117	9353
3117	9356
3117	9359
3117	9362
3117	9365
3117	9368
3117	9371
3117	9374
3118	9380
3118	9383
3118	9386
3118	9389
3118	9392
3118	9395
3118	9404
3119	9407
3119	9410
3119	9416
3119	9419
3119	9422
3119	9425
3119	9428
3119	9431
3119	9434
3119	9437
3119	9440
3119	9443
3119	9446
3119	9449
3119	9452
3119	9455
3119	9458
3119	9461
3119	9464
3119	9467
3119	9470
3119	9476
3119	9479
3119	9482
3119	9485
3119	9491
3119	9494
3121	9497
3121	9500
3121	9503
3121	9506
3121	9509
3121	9512
3121	9515
3121	9518
3121	9521
3121	9524
3121	9527
3121	9530
3121	9533
3121	9536
3121	9539
3121	9542
3121	9545
3121	9548
3121	9551
3121	9554
3122	9560
3122	9566
3122	9569
3122	9572
3122	9575
3122	9578
3122	9581
3122	9584
3122	9587
3122	9590
3122	9593
3122	9596
3122	9599
3122	9602
3122	9605
3122	9608
3122	9611
3122	9614
3123	9617
3123	9620
3123	9623
3123	9626
3123	9629
3123	9635
3123	9638
3123	9641
3123	9644
3131	9647
3131	9650
3131	9653
3131	9656
3131	9659
3131	9662
3131	9665
3131	9668
3131	9671
3131	9674
3131	9677
3131	9680
3131	9683
3131	9686
3131	9689
3131	9692
3131	9695
3131	9698
3131	9701
3131	9704
3131	9707
3131	9710
3131	9713
3131	9719
3131	9722
3131	9725
3131	9728
3131	9734
3132	9737
3132	9743
3132	9746
3132	9749
3132	9752
3132	9755
3132	9758
3132	9761
3132	9764
3132	9767
3132	9770
3132	9773
3132	9776
3132	9782
3132	9785
3132	9788
3132	9794
3132	9797
3132	9800
3132	9803
3132	9809
3132	9812
3132	9815
3132	9818
3132	9821
3132	9824
3133	9827
3133	9830
3133	9836
3133	9839
3133	9842
3133	9845
3133	9848
3133	9851
3133	9854
3133	9857
3133	9860
3133	9863
3133	9866
3133	9869
3133	9872
3133	9875
3133	9878
3133	9881
3133	9884
3134	9887
3134	9890
3134	9896
3134	9902
3134	9905
3134	9908
3134	9911
3134	9914
3134	9917
3134	9920
3134	9923
3134	9926
3134	9929
3134	9932
3134	9935
3134	9938
3134	9941
3134	9944
3134	9947
3134	9950
3134	9953
3134	9959
3134	9962
3134	9965
3134	9968
3134	9971
3134	9974
3135	9977
3135	9980
3135	9983
3135	9986
3135	9989
3135	9992
3135	9995
3135	9998
3135	10001
3135	10004
3135	10007
3135	10010
3135	10019
3139	10022
3139	10025
3139	10028
3139	10031
3139	10034
3139	10037
3139	10040
3139	10043
3139	10049
3139	10052
3139	10055
3139	10058
3139	10061
3139	10064
3139	10067
3139	10070
3139	10073
3139	10076
3139	10079
3139	10082
3139	10085
3139	10088
3139	10091
3139	10094
3139	10097
3139	10100
3139	10106
3139	10109
3141	10112
3141	10115
3141	10118
3141	10121
3141	10124
3141	10127
3141	10130
3141	10136
3141	10139
3141	10142
3141	10145
3141	10148
3141	10151
3141	10154
3141	10157
3141	10160
3141	10163
3141	10166
3141	10169
3141	10172
3141	10175
3141	10178
3141	10181
3141	10184
3141	10187
3141	10190
3141	10193
3141	10196
3141	10199
3141	10202
3141	10205
3141	10208
3141	10211
3141	10214
3142	10217
3142	10220
3142	10223
3142	10226
3142	10229
3142	10232
3142	10235
3142	10238
3142	10241
3142	10244
3142	10247
3142	10256
3142	10259
3142	10262
3142	10265
3142	10268
3142	10271
3142	10274
3142	10277
3142	10280
3142	10283
3142	10289
3143	10292
3143	10295
3143	10298
3143	10301
3143	10304
3143	10307
3143	10310
3143	10313
3143	10316
3143	10319
3151	10322
3151	10325
3151	10328
3151	10331
3151	10334
3152	10337
3152	10340
3152	10343
3152	10346
3152	10349
3152	10352
3152	10355
3152	10358
3152	10364
3152	10367
3152	10370
3152	10373
3152	10376
3152	10379
3153	10382
3153	10385
3153	10388
3153	10391
3153	10394
3153	10397
3153	10400
3153	10403
3153	10406
3153	10409
3153	10412
3153	10415
3153	10418
3153	10421
3153	10424
3153	10427
3153	10430
3153	10433
3153	10436
3153	10439
3153	10442
3153	10445
3153	10448
3153	10451
3153	10454
3154	10457
3154	10460
3154	10466
3154	10469
3155	10472
3155	10475
3155	10478
3155	10481
3155	10484
3155	10487
3155	10490
3155	10493
3155	10496
3155	10499
3211	10505
3211	10511
3211	10514
3211	10517
3211	10520
3211	10523
3211	10526
3211	10529
3211	10532
3211	10535
3211	10538
3211	10541
3211	10547
3211	10550
3211	10556
3211	10559
3211	10562
3211	10565
3211	10571
3211	10574
3211	10577
3211	10580
3211	10583
3211	10586
3211	10592
3211	10595
3211	10601
3211	10604
3212	10607
3212	10610
3212	10616
3212	10619
3212	10622
3212	10625
3212	10631
3212	10634
3212	10637
3212	10640
3212	10646
3212	10649
3212	10652
3212	10655
3212	10658
3212	10661
3212	10664
3213	10667
3213	10670
3213	10673
3213	10676
3213	10679
3213	10682
3213	10685
3213	10688
3213	10691
3213	10694
3213	10697
3213	10700
3213	10703
3213	10706
3213	10709
3214	10712
3214	10715
3214	10718
3214	10721
3214	10724
3214	10727
3214	10730
3214	10736
3214	10739
3214	10742
3214	10745
3214	10748
3214	10751
3214	10754
3214	10757
3214	10760
3214	10766
3214	10769
3214	10772
3214	10775
3214	10778
3214	10781
3214	10784
3214	10790
3214	10796
3214	10802
3214	10805
3214	10811
3214	10814
3214	10817
3214	10820
3214	10826
3214	10829
3221	10832
3221	10835
3221	10838
3221	10841
3221	10844
3221	10847
3221	10853
3221	10856
3221	10859
3221	10862
3221	10868
3221	10871
3221	10874
3221	10877
3221	10880
3221	10883
3221	10886
3221	10889
3222	10892
3222	10895
3222	10898
3222	10901
3222	10904
3222	10907
3222	10910
3222	10913
3222	10916
3222	10919
3230	10922
3230	10928
3230	10931
3230	10934
3230	10937
3230	10940
3230	10943
3230	10946
3230	10949
3230	10952
3230	10955
3230	10958
3230	10961
3230	10964
3230	10970
3230	10976
3230	10982
3230	10985
3230	10991
3230	10994
3230	10997
3230	11000
3230	11003
3230	11006
3230	11009
3230	11012
3230	11015
3230	11018
3230	11021
3230	11024
3230	11027
3230	11030
3230	11033
3230	11036
3230	11039
3240	11042
3240	11045
3240	11048
3240	11051
3240	11054
3240	11057
3240	11060
3240	11063
3240	11066
3240	11069
3240	11072
3240	11075
3240	11081
3240	11084
3240	11087
3240	11090
3240	11096
3240	11099
3251	11102
3251	11105
3251	11108
3251	11111
3251	11114
3251	11117
3251	11129
3251	11132
3251	11135
3251	11141
3251	11144
3252	11147
3252	11150
3252	11153
3252	11159
3252	11162
3252	11165
3252	11168
3252	11171
3252	11174
3252	11177
3252	11180
3252	11183
3252	11186
3252	11189
3252	11195
3252	11201
3252	11204
3252	11207
3252	11210
3252	11216
3252	11219
3252	11222
3252	11225
3252	11228
3252	11231
3252	11234
3252	11237
3252	11240
3252	11249
3253	11252
3253	11255
3253	11258
3253	11261
3253	11264
3253	11267
3253	11270
3253	11273
3253	11276
3253	11279
3253	11282
3253	11285
3253	11288
3253	11291
3253	11294
3253	11297
3253	11300
3253	11303
3253	11306
3253	11309
3254	11312
3254	11321
3254	11324
3254	11327
3254	11336
3254	11339
3255	11345
3255	11351
3255	11354
3255	11357
3255	11360
3255	11369
3255	11375
3255	11387
3255	11390
3255	11393
3255	11396
3255	11399
3255	11414
3255	11417
3255	11420
3255	11423
3255	11426
3255	11429
3255	11432
3255	11435
3255	11438
3255	11441
3255	11444
3256	11447
3256	11450
3256	11456
3256	11459
3256	11462
3256	11465
3256	11468
3256	11471
3256	11474
3256	11477
3256	11480
3256	11483
3256	11486
3256	11489
3257	11492
3257	11495
3257	11498
3257	11501
3257	11504
3257	11507
3257	11510
3257	11513
3257	11516
3257	11519
3257	11522
3257	11525
3257	11528
3257	11531
3257	11534
3257	11537
3257	11540
3257	11543
3257	11546
3257	11549
3257	11552
3257	11555
3257	11558
3257	11561
3257	11567
3257	11570
3257	11573
3257	11576
3257	11579
3257	11582
3257	11585
3257	11588
3257	11591
3257	11594
3258	11597
3258	11600
3258	11603
3258	11606
3258	11609
3258	11612
3258	11615
3258	11618
3258	11621
3258	11624
3258	11627
3258	11630
3258	11633
3258	11636
3258	11639
3258	11642
3258	11645
3258	11648
3258	11651
3258	11654
3259	11657
3259	11660
3259	11663
3259	11666
3259	11669
3259	11672
3259	11675
3259	11678
3259	11681
3259	11684
3259	11687
3259	11690
3259	11696
3259	11699
3259	11702
3259	11705
3259	11708
3259	11711
3259	11714
3311	11717
3311	11720
3311	11723
3311	11726
3311	11729
3311	11732
3311	11735
3311	11738
3311	11741
3311	11744
3311	11747
3311	11750
3311	11753
3311	11756
3311	11759
3311	11762
3311	11765
3311	11771
3311	11774
3312	11777
3312	11780
3312	11783
3312	11786
3312	11789
3312	11792
3312	11795
3312	11801
3312	11804
3313	11807
3313	11810
3313	11813
3313	11819
3313	11828
3313	11831
3313	11834
3314	11837
3314	11840
3314	11846
3314	11849
3314	11852
3314	11855
3314	11858
3314	11861
3314	11864
3314	11867
3314	11870
3314	11873
3314	11876
3314	11879
3315	11882
3315	11885
3315	11888
3315	11891
3315	11894
3315	11897
3315	11900
3315	11903
3315	11906
3315	11909
3315	11912
3315	11915
3315	11918
3315	11921
3315	11924
3315	11927
3315	11930
3315	11933
3315	11936
3315	11939
3315	11942
3315	11945
3315	11948
3315	11951
3315	11954
3315	11957
3315	11960
3315	11966
3315	11969
3321	11972
3321	11975
3321	11978
3321	11981
3321	11984
3321	11987
3321	11990
3321	11996
3321	11999
3321	12002
3321	12005
3321	12008
3321	12011
3321	12014
3322	12017
3322	12020
3322	12026
3322	12029
3322	12032
3322	12035
3322	12038
3322	12041
3322	12044
3322	12047
3322	12050
3322	12053
3322	12059
3323	12062
3323	12065
3323	12068
3323	12071
3323	12074
3323	12077
3323	12086
3323	12089
3323	12092
3323	12095
3323	12101
3323	12104
3323	12107
3323	12113
3323	12116
3323	12119
3323	12122
3323	12125
3323	12131
3323	12134
3324	12137
3324	12143
3324	12146
3324	12149
3324	12152
3324	12155
3324	12161
3324	12164
3324	12167
3324	12170
3324	12173
3324	12176
3324	12179
3331	12182
3331	12185
3331	12191
3331	12194
3331	12197
3331	12200
3331	12203
3331	12206
3331	12209
3331	12212
3331	12215
3331	12218
3331	12221
3331	12224
3332	12227
3332	12230
3332	12236
3332	12239
3332	12242
3332	12245
3332	12251
3332	12254
3332	12257
3332	12260
3332	12266
3332	12269
3333	12275
3333	12281
3333	12284
3333	12287
3333	12290
3333	12293
3333	12296
3333	12299
3333	12302
3333	12305
3333	12308
3333	12311
3333	12314
3334	12317
3334	12320
3334	12329
3334	12332
3334	12335
3334	12338
3334	12341
3334	12344
3334	12350
3334	12353
3334	12356
3334	12359
3334	12365
3334	12374
3339	12377
3339	12380
3339	12383
3339	12386
3339	12392
3339	12395
3339	12398
3339	12401
3339	12404
3339	12407
3339	12410
3339	12413
3339	12416
3339	12419
3339	12425
3339	12428
3339	12431
3339	12434
3339	12437
3339	12440
3339	12443
3339	12446
3339	12449
3339	12452
3339	12461
3339	12464
3339	12467
3339	12470
3339	12476
3339	12479
3341	12482
3341	12485
3341	12488
3341	12491
3341	12494
3341	12497
3341	12500
3341	12503
3341	12506
3341	12509
3341	12512
3341	12515
3341	12518
3341	12521
3341	12524
3341	12527
3341	12530
3341	12533
3341	12536
3341	12539
3342	12542
3342	12545
3342	12548
3342	12551
3342	12554
3342	12557
3342	12560
3342	12563
3342	12566
3342	12569
3343	12575
3343	12581
3343	12584
3343	12587
3343	12590
3343	12596
3343	12599
3343	12602
3343	12605
3343	12608
3343	12611
3343	12614
3343	12617
3343	12620
3343	12623
3343	12626
3343	12629
3343	12632
3343	12635
3343	12641
3343	12644
3344	12647
3344	12650
3344	12653
3344	12656
3344	12659
3344	12662
3344	12668
3344	12671
3344	12674
3344	12677
3344	12680
3344	12683
3344	12686
3344	12689
3344	12692
3344	12698
3344	12701
3344	12704
3344	12707
3344	12710
3344	12713
3344	12716
3344	12719
3344	12722
3344	12731
3344	12734
3344	12737
3344	12740
3344	12743
3344	12746
3344	12749
3344	12752
3344	12755
3344	12761
3344	12764
3344	12767
3344	12770
3344	12773
3344	12776
3344	12779
3344	12782
3344	12785
3344	12791
3344	12794
3344	12797
3344	12800
3344	12803
3344	12806
3344	12809
3351	12812
3351	12815
3351	12818
3351	12821
3351	12824
3351	12827
3351	12830
3351	12833
3351	12836
3351	12839
3351	12842
3351	12845
3351	12848
3351	12851
3351	12854
3351	12860
3351	12866
3351	12872
3351	12875
3351	12878
3351	12881
3351	12884
3352	12887
3352	12890
3352	12896
3352	12899
3352	12902
3352	12905
3352	12908
3352	12911
3352	12914
3352	12917
3352	12920
3352	12923
3352	12926
3352	12929
3353	12932
3353	12935
3353	12938
3353	12941
3353	12944
3353	12947
3353	12950
3353	12953
3353	12956
3353	12959
3353	12962
3353	12965
3353	12968
3353	12971
3353	12974
3354	12977
3354	12980
3354	12983
3354	12986
3354	12989
3354	12992
3354	12995
3354	12998
3354	13001
3354	13004
3354	13007
3354	13010
3354	13013
3354	13016
3354	13019
3354	13022
3354	13025
3354	13028
3354	13034
3355	13037
3355	13040
3355	13043
3355	13046
3355	13049
3355	13052
3355	13055
3355	13061
3355	13064
3355	13067
3355	13070
3355	13073
3355	13076
3355	13079
3359	13082
3359	13085
3359	13088
3359	13091
3359	13094
3359	13097
3359	13100
3359	13103
3359	13106
3359	13109
3359	13112
3359	13115
3359	13118
3359	13121
3359	13124
3359	13127
3359	13130
3359	13133
3359	13136
3359	13139
3359	13142
3359	13145
3359	13148
3359	13151
3359	13154
3359	13157
3359	13160
3359	13163
3359	13166
3359	13169
3411	13172
3411	13184
3411	13187
3411	13190
3411	13193
3411	13196
3411	13199
3411	13205
3411	13211
3411	13214
3411	13217
3411	13223
3411	13226
3411	13229
3411	13232
3411	13244
3411	13247
3411	13250
3411	13256
3411	13259
3411	13265
3411	13274
3411	13277
3411	13280
3411	13283
3411	13286
3411	13289
3411	13292
3411	13295
3411	13298
3411	13301
3411	13304
3411	13307
3411	13310
3411	13313
3411	13316
3411	13319
3412	13322
3412	13325
3412	13328
3412	13331
3412	13334
3412	13337
3412	13340
3412	13343
3412	13346
3412	13349
3412	13352
3412	13355
3412	13358
3412	13361
3412	13364
3412	13367
3412	13370
3412	13373
3412	13379
3412	13382
3412	13385
3412	13391
3412	13394
3412	13397
3412	13400
3412	13406
3412	13409
3412	13412
3412	13415
3412	13418
3412	13421
3412	13424
3412	13427
3412	13430
3412	13436
3412	13439
3412	13442
3412	13445
3412	13448
3412	13451
3412	13454
3412	13457
3412	13460
3412	13463
3412	13466
3412	13469
3413	13472
3413	13475
3413	13478
3413	13481
3413	13484
3413	13487
3413	13490
3413	13493
3413	13496
3413	13499
3413	13502
3413	13505
3413	13508
3413	13511
3413	13514
3413	13517
3413	13520
3413	13523
3413	13526
3413	13529
3421	13532
3421	13535
3421	13538
3421	13544
3421	13547
3421	13550
3421	13553
3421	13556
3421	13559
3421	13562
3421	13565
3421	13568
3421	13571
3421	13574
3421	13577
3421	13580
3421	13583
3421	13586
3421	13589
3421	13592
3421	13595
3421	13598
3421	13604
3421	13610
3421	13613
3421	13616
3421	13619
3421	13622
3421	13628
3421	13631
3421	13634
3421	13637
3421	13640
3421	13643
3421	13646
3421	13649
3421	13652
3421	13655
3421	13658
3421	13661
3421	13664
3421	13667
3421	13670
3421	13673
3421	13676
3421	13682
3421	13685
3421	13688
3421	13694
3421	13700
3421	13703
3421	13709
3421	13712
3421	13715
3421	13718
3421	13721
3421	13724
3422	13727
3422	13742
3422	13745
3422	13748
3422	13751
3422	13754
3422	13757
3422	13760
3422	13763
3422	13766
3422	13769
3422	13775
3422	13778
3422	13781
3422	13784
3422	13787
3422	13790
3422	13793
3422	13796
3422	13799
3423	13802
3423	13805
3423	13808
3423	13811
3423	13814
3423	13817
3423	13823
3423	13826
3423	13829
3423	13832
3423	13835
3423	13838
3423	13841
3423	13844
3423	13847
3423	13850
3423	13853
3423	13856
3423	13859
3423	13862
3423	13865
3423	13871
3423	13874
3423	13877
3423	13880
3423	13883
3423	13886
3423	13889
3423	13892
3423	13895
3423	13898
3423	13901
3423	13904
3431	13910
3431	13913
3431	13916
3431	13919
3431	13922
3431	13931
3431	13934
3431	13937
3431	13940
3431	13943
3431	13946
3431	13949
3431	13952
3431	13955
3431	13961
3431	13964
3431	13967
3431	13970
3431	13973
3431	13979
3431	13982
3431	13985
3431	13988
3431	13991
3431	13994
3431	13997
3431	14000
3431	14009
3432	14012
3432	14015
3432	14018
3432	14021
3432	14024
3432	14027
3432	14030
3432	14036
3432	14039
3432	14042
3432	14045
3432	14048
3432	14051
3432	14054
3432	14057
3432	14060
3432	14063
3432	14066
3432	14069
3432	14072
3432	14075
3432	14081
3432	14084
3433	14087
3433	14090
3433	14093
3433	14096
3433	14099
3433	14102
3433	14105
3433	14108
3433	14111
3433	14114
3433	14117
3433	14123
3433	14126
3433	14129
3433	14132
3433	14135
3433	14138
3433	14141
3433	14144
3434	14147
3434	14150
3434	14153
3434	14156
3434	14159
3434	14162
3434	14165
3434	14168
3434	14171
3434	14174
3434	14177
3434	14180
3434	14186
3434	14189
3434	14192
3434	14195
3434	14198
3434	14201
3434	14204
3434	14207
3434	14210
3434	14213
3434	14216
3434	14219
3434	14222
3434	14225
3434	14231
3434	14234
3435	14237
3435	14243
3435	14246
3435	14249
3435	14252
3435	14258
3435	14261
3435	14264
3435	14267
3435	14270
3435	14273
3435	14276
3435	14279
3435	14282
3435	14285
3435	14291
3435	14294
3435	14297
3435	14300
3435	14303
3435	14306
3435	14309
3435	14312
3435	14321
3435	14324
3435	14327
3435	14330
3435	14333
3435	14336
3435	14339
3435	14342
3435	14345
3435	14348
3435	14351
3435	14354
3435	14357
3435	14360
3435	14363
3435	14366
3435	14369
3435	14372
3435	14375
3435	14378
3435	14381
3435	14384
3435	14387
3435	14390
3435	14393
3435	14396
3435	14399
3435	14402
3435	14405
3435	14408
3435	14411
3435	14414
3435	14417
3435	14420
3435	14423
3435	14426
3435	14429
3435	14432
3435	14435
3435	14438
3435	14441
3435	14444
3435	14447
3435	14450
3435	14453
3435	14456
3435	14459
3435	14462
3435	14465
3435	14468
3435	14471
3435	14474
3511	14477
3511	14480
3511	14483
3511	14486
3511	14489
3511	14492
3511	14495
3511	14498
3511	14501
3511	14504
3511	14507
3511	14510
3511	14513
3511	14519
3512	14522
3512	14525
3512	14531
3512	14534
3512	14537
3512	14540
3512	14543
3512	14546
3512	14549
3512	14552
3512	14555
3512	14558
3512	14561
3512	14564
3512	14567
3512	14570
3512	14573
3512	14576
3512	14579
3512	14585
3512	14588
3512	14591
3512	14594
3513	14600
3513	14603
3513	14606
3513	14609
3513	14612
3513	14615
3513	14621
3513	14624
3514	14627
3514	14633
3514	14636
3514	14639
3514	14642
3514	14645
3514	14648
3514	14651
3514	14654
3514	14657
3514	14660
3514	14663
3514	14666
3514	14669
3521	14672
3521	14675
3521	14678
3521	14681
3521	14684
3521	14687
3521	14690
3521	14693
3521	14696
3521	14699
3521	14702
3521	14705
3521	14708
3521	14711
3521	14714
3521	14717
3521	14720
3521	14723
3521	14726
3521	14729
3521	14732
3521	14735
3521	14738
3521	14741
3521	14744
3521	14747
3521	14750
3521	14759
3522	14762
3522	14765
3522	14768
3522	14771
3522	14774
4110	14777
4110	14780
4110	14783
4110	14786
4110	14789
4110	14792
4110	14795
4110	14798
4110	14801
4110	14804
4120	14807
4120	14810
4120	14816
4120	14822
4120	14825
4120	14828
4120	14831
4120	14834
4120	14837
4120	14840
4120	14843
4120	14846
4120	14849
4131	14852
4131	14855
4131	14858
4131	14861
4131	14864
4131	14867
4131	14876
4131	14879
4131	14882
4131	14885
4131	14888
4131	14891
4131	14894
4131	14897
4131	14900
4131	14903
4131	14906
4131	14909
4132	14912
4132	14915
4132	14918
4132	14921
4132	14924
4132	14927
4132	14930
4132	14933
4132	14936
4132	14939
4132	14942
4132	14945
4132	14948
4132	14951
4132	14954
4211	14957
4211	14960
4211	14963
4211	14966
4211	14969
4211	14972
4211	14975
4211	14978
4211	14981
4211	14984
4211	14987
4211	14990
4211	14993
4211	14999
4212	15002
4212	15005
4212	15008
4212	15011
4212	15014
4212	15017
4212	15020
4212	15023
4212	15026
4212	15029
4213	15032
4213	15035
4213	15038
4213	15041
4213	15044
4213	15047
4213	15050
4213	15053
4213	15056
4213	15059
4214	15062
4214	15065
4214	15068
4214	15071
4214	15074
4214	15077
4214	15080
4214	15083
4214	15086
4214	15089
4214	15092
4214	15095
4214	15098
4214	15101
4214	15104
4221	15107
4221	15110
4221	15113
4221	15116
4221	15119
4221	15122
4221	15125
4221	15128
4221	15131
4221	15134
4221	15137
4221	15140
4221	15143
4221	15146
4221	15149
4221	15152
4221	15155
4221	15158
4221	15164
4221	15167
4221	15170
4221	15173
4221	15176
4221	15179
4221	15182
4221	15185
4221	15191
4221	15194
4221	15197
4221	15200
4221	15203
4221	15206
4221	15209
4222	15212
4222	15215
4222	15218
4222	15224
4223	15227
4223	15230
4223	15233
4223	15236
4223	15239
4223	15242
4223	15245
4223	15248
4223	15251
4223	15254
4224	15257
4224	15260
4224	15263
4224	15266
4224	15269
4224	15272
4224	15275
4224	15278
4225	15287
4225	15290
4225	15293
4225	15296
4225	15299
4225	15302
4225	15305
4225	15308
4225	15311
4225	15314
4226	15317
4226	15320
4226	15323
4226	15326
4226	15332
4226	15335
4226	15338
4226	15341
4226	15344
4227	15347
4227	15350
4227	15353
4227	15356
4227	15359
4227	15362
4227	15365
4227	15368
4227	15371
4227	15374
4227	15377
4227	15380
4227	15383
4227	15386
4227	15389
4229	15392
4229	15395
4229	15398
4229	15401
4229	15404
4229	15407
4229	15410
4229	15416
4229	15422
4229	15425
4229	15434
4311	15437
4311	15440
4311	15443
4311	15446
4311	15449
4311	15452
4311	15455
4311	15458
4311	15461
4311	15464
4311	15467
4311	15470
4311	15476
4311	15479
4312	15482
4312	15485
4312	15491
4312	15494
4312	15497
4312	15500
4312	15503
4312	15506
4312	15509
4312	15512
4312	15515
4312	15518
4312	15521
4312	15524
4312	15527
4312	15530
4312	15533
4312	15536
4312	15539
4312	15542
4312	15545
4312	15548
4312	15551
4312	15554
4312	15557
4312	15560
4312	15563
4312	15566
4312	15569
4312	15572
4312	15575
4312	15578
4312	15581
4312	15584
4313	15587
4313	15590
4313	15596
4313	15599
4321	15602
4321	15605
4321	15611
4321	15614
4321	15617
4321	15620
4321	15623
4321	15626
4321	15629
4321	15632
4321	15635
4321	15638
4321	15641
4321	15644
4321	15647
4321	15650
4321	15653
4321	15656
4321	15659
4321	15662
4321	15665
4321	15668
4321	15671
4321	15674
4322	15677
4322	15680
4322	15683
4322	15686
4322	15689
4322	15692
4322	15695
4322	15701
4322	15704
4323	15707
4323	15710
4323	15716
4323	15719
4323	15722
4323	15725
4323	15728
4323	15731
4323	15734
4411	15737
4411	15740
4411	15746
4411	15749
4411	15752
4411	15755
4411	15761
4411	15764
4412	15767
4412	15770
4412	15773
4412	15776
4412	15779
4412	15782
4412	15785
4412	15791
4412	15794
4412	15797
4412	15800
4412	15803
4412	15806
4412	15809
4413	15812
4413	15815
4413	15821
4413	15824
4413	15827
4413	15830
4413	15833
4413	15836
4413	15839
4414	15842
4414	15845
4414	15848
4414	15851
4414	15854
4415	15857
4415	15860
4415	15863
4415	15866
4415	15869
4415	15881
4415	15884
4416	15887
4416	15890
4416	15896
4416	15899
4416	15902
4416	15905
4416	15908
4416	15911
4416	15914
4419	15917
4419	15920
4419	15923
4419	15926
4419	15929
4419	15935
4419	15938
4419	15941
4419	15944
4419	15947
4419	15950
4419	15956
4419	15959
4419	15962
4419	15965
4419	15968
4419	15971
4419	15974
4419	15977
4419	15980
4419	15983
4419	15986
4419	15989
5111	15992
5111	15995
5111	16001
5111	16004
5111	16010
5111	16016
5111	16019
5111	16022
5111	16025
5111	16028
5111	16031
5111	16034
5112	16037
5112	16040
5112	16043
5112	16046
5112	16049
5112	16052
5112	16055
5112	16058
5112	16064
5112	16067
5112	16070
5112	16073
5112	16076
5112	16079
5112	16082
5112	16085
5112	16088
5112	16091
5112	16094
5112	16097
5112	16100
5112	16103
5112	16106
5112	16109
5113	16112
5113	16115
5113	16118
5113	16121
5113	16124
5113	16127
5113	16130
5113	16133
5113	16136
5113	16139
5113	16142
5113	16145
5113	16148
5113	16151
5113	16154
5120	16157
5120	16160
5120	16163
5120	16166
5120	16169
5131	16172
5131	16175
5131	16178
5131	16181
5131	16184
5131	16187
5131	16190
5131	16193
5131	16196
5131	16199
5132	16202
5132	16205
5132	16208
5132	16214
5141	16217
5141	16220
5141	16223
5141	16226
5141	16229
5141	16232
5141	16235
5141	16238
5141	16241
5141	16244
5141	16247
5141	16250
5141	16253
5141	16256
5141	16259
5141	16262
5141	16265
5141	16268
5141	16271
5141	16274
5142	16277
5142	16280
5142	16283
5142	16286
5142	16289
5142	16292
5142	16295
5142	16298
5142	16301
5142	16304
5142	16307
5142	16319
5142	16322
5142	16325
5142	16328
5142	16334
5142	16337
5142	16340
5142	16343
5142	16346
5142	16349
5142	16352
5142	16355
5142	16361
5142	16364
5151	16367
5151	16370
5151	16373
5151	16376
5151	16379
5151	16382
5151	16385
5151	16388
5151	16391
5151	16394
5152	16400
5152	16403
5152	16406
5152	16409
5152	16412
5152	16415
5152	16418
5152	16421
5152	16424
5152	16427
5152	16430
5152	16433
5152	16436
5152	16439
5153	16442
5153	16445
5153	16448
5153	16451
5153	16454
5153	16457
5153	16460
5153	16463
5153	16466
5153	16469
5153	16472
5153	16475
5153	16478
5153	16481
5153	16484
5153	16487
5153	16490
5153	16496
5153	16499
5161	16502
5161	16505
5161	16511
5161	16517
5161	16520
5161	16523
5161	16526
5161	16529
5161	16532
5161	16535
5161	16538
5161	16541
5161	16544
5161	16547
5161	16550
5161	16553
5161	16556
5161	16559
5162	16562
5162	16565
5162	16568
5162	16574
5162	16577
5162	16580
5162	16583
5162	16586
5162	16589
5162	16595
5162	16598
5162	16601
5162	16604
5163	16607
5163	16610
5163	16613
5163	16616
5163	16619
5163	16622
5163	16625
5163	16628
5163	16631
5163	16634
5164	16637
5164	16640
5164	16643
5164	16646
5164	16649
5164	16652
5164	16655
5164	16661
5164	16664
5164	16667
5164	16670
5164	16673
5164	16676
5164	16679
5164	16682
5164	16685
5164	16691
5164	16694
5164	16697
5164	16700
5164	16706
5164	16709
5165	16715
5165	16718
5165	16721
5165	16724
5169	16727
5169	16730
5169	16733
5169	16736
5169	16739
5169	16742
5169	16745
5169	16748
5169	16751
5169	16754
5169	16757
5169	16760
5169	16763
5169	16766
5169	16769
5169	16772
5169	16775
5169	16778
5169	16784
5211	16787
5211	16790
5211	16793
5211	16796
5211	16799
5211	16802
5211	16805
5211	16808
5211	16811
5211	16814
5211	16817
5211	16820
5211	16823
5211	16826
5211	16829
5211	16832
5211	16835
5211	16838
5211	16841
5211	16844
5212	16847
5212	16850
5212	16853
5212	16856
5212	16859
5212	16862
5212	16865
5212	16868
5212	16871
5212	16874
5221	16877
5221	16880
5221	16883
5221	16886
5221	16889
5221	16892
5221	16895
5221	16901
5221	16904
5221	16907
5221	16910
5221	16913
5221	16916
5221	16919
5222	16922
5222	16925
5222	16928
5222	16931
5222	16934
5222	16937
5222	16940
5222	16949
5223	16952
5223	16955
5223	16958
5223	16961
5223	16964
5223	16967
5223	16970
5223	16973
5223	16976
5223	16979
5223	16982
5223	16985
5223	16988
5223	16991
5223	16994
5230	16997
5230	17000
5230	17003
5230	17006
5230	17009
5230	17012
5230	17015
5230	17018
5230	17024
5230	17027
5230	17030
5230	17033
5230	17036
5230	17039
5230	17042
5230	17045
5230	17048
5230	17051
5230	17054
5230	17057
5230	17060
5230	17063
5230	17066
5230	17069
5241	17072
5241	17075
5241	17078
5241	17084
5241	17087
5241	17090
5241	17093
5241	17099
5241	17102
5241	17105
5241	17108
5241	17114
5242	17117
5242	17120
5242	17123
5242	17126
5242	17129
5242	17132
5242	17135
5242	17138
5242	17141
5242	17144
5243	17147
5243	17150
5243	17153
5243	17156
5243	17159
5243	17162
5243	17165
5243	17168
5243	17171
5243	17174
5243	17177
5243	17180
5243	17183
5243	17186
5243	17189
5244	17192
5244	17195
5244	17198
5244	17201
5244	17204
5244	17207
5244	17210
5244	17213
5244	17216
5244	17219
5244	17222
5244	17225
5244	17228
5244	17231
5244	17234
5244	17237
5244	17240
5244	17243
5244	17246
5244	17249
5244	17252
5244	17255
5244	17258
5244	17261
5244	17264
5245	17267
5245	17270
5245	17273
5245	17276
5245	17279
5245	17282
5245	17285
5245	17288
5245	17291
5245	17294
5246	17297
5246	17300
5246	17303
5246	17306
5246	17309
5246	17312
5246	17315
5246	17318
5246	17321
5246	17324
5249	17327
5249	17330
5249	17336
5249	17339
5311	17342
5311	17345
5311	17348
5311	17351
5311	17354
5311	17357
5311	17360
5311	17369
5311	17375
5311	17378
5311	17381
5311	17384
5311	17387
5311	17390
5311	17393
5311	17396
5311	17399
5311	17402
5311	17405
5311	17408
5311	17411
5311	17414
5311	17417
5311	17420
5311	17426
5311	17429
5312	17432
5312	17435
5312	17444
5312	17447
5312	17453
5312	17459
5321	17462
5321	17465
5321	17468
5321	17471
5321	17474
5321	17477
5321	17483
5321	17486
5321	17489
5321	17492
5321	17495
5321	17498
5321	17501
5321	17504
5321	17507
5321	17510
5321	17513
5321	17516
5321	17519
5322	17525
5322	17534
5322	17540
5322	17546
5322	17549
5322	17552
5322	17558
5322	17561
5322	17564
5322	17570
5322	17573
5322	17576
5322	17579
5329	17582
5329	17585
5329	17591
5329	17594
5329	17597
5329	17600
5329	17603
5329	17606
5329	17609
5329	17612
5329	17615
5329	17618
5329	17624
5329	17627
5329	17630
5329	17636
5329	17639
5329	17642
5329	17645
5329	17651
5329	17654
5329	17657
5329	17660
5329	17663
5329	17666
5329	17669
5329	17672
5329	17675
5329	17678
5329	17681
5329	17684
5411	17687
5411	17690
5411	17693
5411	17696
5411	17699
5411	17702
5411	17705
5411	17708
5411	17711
5411	17714
5412	17717
5412	17720
5412	17723
5412	17726
5412	17729
5412	17735
5412	17738
5412	17741
5412	17744
5412	17747
5412	17750
5412	17753
5412	17756
5412	17759
5413	17762
5413	17765
5413	17768
5413	17771
5413	17774
5414	17777
5414	17780
5414	17783
5414	17786
5414	17789
5414	17792
5414	17795
5414	17798
5414	17801
5414	17804
5414	17807
5414	17810
5414	17813
5414	17816
5414	17819
5414	17822
5414	17825
5414	17828
5414	17831
5414	17834
5414	17837
5414	17840
5414	17843
5414	17846
5414	17849
5414	17852
5414	17855
5414	17858
5414	17861
5414	17864
5419	17867
5419	17870
5419	17876
5419	17879
5419	17882
5419	17885
5419	17891
5419	17894
5419	17897
5419	17900
5419	17903
5419	17906
5419	17909
5419	17912
5419	17915
5419	17921
5419	17924
5419	17927
5419	17930
5419	17933
5419	17936
5419	17939
5419	17942
5419	17945
5419	17948
5419	17954
6111	17957
6111	17960
6111	17963
6111	17966
6111	17969
6111	17972
6111	17975
6111	17978
6111	17984
6111	17987
6111	17990
6111	17993
6111	17996
6111	17999
6111	18002
6111	18005
6111	18008
6111	18011
6111	18014
6111	18017
6111	18020
6111	18023
6111	18026
6111	18029
6111	18032
6111	18035
6111	18038
6111	18041
6111	18044
6112	18047
6112	18050
6112	18053
6112	18056
6112	18059
6112	18062
6112	18065
6112	18068
6112	18071
6112	18074
6112	18077
6112	18080
6112	18083
6112	18086
6112	18089
6112	18092
6112	18095
6112	18098
6112	18101
6112	18104
6112	18107
6112	18110
6112	18113
6112	18116
6112	18119
6113	18122
6113	18125
6113	18131
6113	18134
6113	18137
6113	18140
6113	18143
6113	18146
6113	18149
6113	18152
6113	18155
6113	18158
6113	18161
6113	18164
6113	18167
6113	18170
6113	18173
6113	18176
6113	18179
6114	18182
6114	18185
6114	18188
6114	18191
6114	18194
6114	18197
6114	18200
6114	18203
6114	18206
6114	18209
6121	18212
6121	18215
6121	18218
6121	18221
6121	18224
6121	18227
6121	18230
6121	18233
6121	18236
6121	18239
6121	18242
6121	18245
6121	18248
6121	18251
6121	18254
6121	18257
6121	18260
6121	18263
6121	18266
6121	18269
6121	18272
6121	18275
6121	18278
6121	18281
6121	18284
6121	18287
6121	18290
6121	18293
6121	18296
6121	18299
6121	18302
6121	18305
6121	18308
6121	18311
6121	18314
6121	18317
6121	18320
6121	18323
6121	18326
6121	18329
6121	18332
6121	18335
6121	18338
6121	18341
6121	18344
6121	18347
6121	18350
6121	18353
6121	18356
6121	18359
6122	18362
6122	18365
6122	18368
6122	18371
6122	18374
6122	18377
6122	18380
6122	18383
6122	18386
6122	18389
6122	18392
6122	18395
6122	18398
6122	18401
6122	18404
6123	18407
6123	18410
6123	18413
6123	18416
6123	18419
6123	18422
6123	18428
6123	18431
6123	18434
6129	18437
6129	18440
6129	18443
6129	18446
6129	18449
6129	18452
6129	18455
6129	18458
6129	18461
6129	18464
6129	18467
6129	18470
6129	18473
6129	18476
6129	18479
6129	18482
6129	18485
6129	18488
6129	18491
6129	18494
6129	18497
6129	18503
6130	18512
6130	18515
6130	18518
6130	18521
6130	18524
6130	18527
6130	18530
6130	18533
6130	18536
6130	18539
6210	18542
6210	18545
6210	18551
6210	18554
6210	18557
6210	18560
6210	18563
6210	18566
6210	18569
6210	18572
6210	18575
6210	18578
6210	18581
6210	18584
6210	18587
6210	18590
6210	18593
6210	18596
6210	18599
6210	18602
6210	18605
6210	18611
6210	18614
6210	18617
6210	18620
6210	18623
6210	18626
6210	18629
6221	18632
6221	18635
6221	18638
6221	18641
6221	18644
6221	18647
6221	18650
6221	18653
6221	18656
6221	18659
6221	18662
6221	18665
6221	18668
6221	18674
6221	18677
6221	18680
6221	18683
6221	18686
6221	18689
6221	18692
6221	18695
6221	18698
6221	18704
6221	18707
6221	18710
6221	18713
6221	18716
6221	18719
6221	18722
6221	18725
6221	18728
6221	18731
6221	18734
6222	18737
6222	18740
6222	18743
6222	18749
6222	18755
6222	18758
6222	18761
6222	18764
6222	18767
6222	18770
6222	18773
6222	18776
6222	18779
6223	18782
6223	18785
6223	18788
6223	18791
6223	18794
6223	18797
6223	18800
6223	18803
6223	18809
6224	18812
6224	18815
6224	18818
6224	18821
6224	18824
6224	18827
6224	18830
6224	18839
6310	18842
6310	18845
6310	18848
6310	18851
6310	18854
6310	18857
6310	18860
6310	18863
6310	18866
6310	18869
6310	18872
6310	18875
6310	18878
6310	18881
6310	18884
6320	18887
6320	18890
6320	18893
6320	18896
6320	18899
6330	18902
6330	18905
6330	18908
6330	18911
6330	18914
6340	18917
6340	18920
6340	18923
6340	18926
6340	18929
6340	18932
6340	18935
6340	18938
6340	18941
6340	18944
6340	18950
6340	18953
6340	18956
6340	18959
6340	18962
6340	18965
6340	18968
6340	18971
6340	18974
6340	18977
6340	18980
6340	18983
6340	18986
6340	18989
7111	18992
7111	18995
7111	18998
7111	19001
7111	19004
7112	19007
7112	19010
7112	19013
7112	19016
7112	19019
7112	19022
7112	19025
7112	19028
7112	19031
7112	19034
7112	19037
7112	19040
7112	19043
7112	19046
7112	19049
7112	19052
7112	19055
7112	19061
7112	19064
7113	19067
7113	19070
7113	19073
7113	19076
7113	19079
7113	19082
7113	19085
7113	19088
7113	19091
7113	19094
7113	19097
7113	19100
7113	19103
7113	19106
7113	19109
7113	19112
7113	19115
7113	19118
7113	19121
7113	19124
7114	19127
7114	19130
7114	19133
7114	19136
7114	19139
7114	19142
7114	19145
7114	19148
7114	19151
7114	19154
7114	19157
7114	19160
7114	19163
7114	19166
7114	19169
7115	19172
7115	19175
7115	19178
7115	19181
7115	19184
7115	19187
7115	19190
7115	19193
7115	19196
7115	19199
7115	19202
7115	19205
7115	19208
7115	19211
7115	19214
7115	19217
7115	19220
7115	19223
7115	19226
7115	19229
7115	19232
7115	19235
7115	19238
7115	19241
7115	19244
7115	19247
7115	19250
7115	19253
7115	19256
7115	19259
7119	19262
7119	19265
7119	19268
7119	19271
7119	19274
7119	19277
7119	19280
7119	19283
7119	19286
7119	19289
7119	19292
7119	19295
7119	19298
7119	19301
7119	19304
7119	19307
7119	19310
7119	19313
7119	19316
7119	19319
7119	19322
7119	19325
7119	19328
7119	19331
7119	19334
7121	19337
7121	19340
7121	19343
7121	19346
7121	19349
7121	19352
7121	19355
7121	19358
7121	19361
7121	19364
7121	19367
7121	19370
7121	19373
7121	19376
7121	19379
7121	19382
7121	19385
7121	19388
7121	19391
7121	19394
7121	19397
7121	19400
7121	19403
7121	19406
7121	19409
7121	19412
7121	19415
7121	19418
7121	19421
7121	19424
7122	19427
7122	19430
7122	19433
7122	19436
7122	19439
7122	19442
7122	19445
7122	19448
7122	19451
7122	19454
7122	19457
7122	19460
7122	19463
7122	19466
7122	19469
7122	19472
7122	19475
7122	19478
7122	19481
7122	19484
7123	19487
7123	19490
7123	19493
7123	19496
7123	19499
7123	19502
7123	19505
7123	19508
7123	19511
7123	19514
7123	19517
7123	19520
7123	19523
7123	19526
7123	19529
7123	19532
7123	19535
7123	19538
7123	19541
7123	19544
7123	19547
7123	19550
7123	19553
7123	19556
7123	19559
7123	19562
7123	19565
7123	19568
7123	19571
7123	19574
7124	19577
7124	19580
7124	19583
7124	19586
7124	19589
7124	19592
7124	19595
7124	19598
7124	19601
7124	19604
7124	19607
7124	19610
7124	19613
7124	19616
7124	19619
7124	19622
7124	19625
7124	19628
7124	19631
7124	19634
7124	19637
7124	19640
7124	19643
7124	19646
7124	19649
7125	19652
7125	19655
7125	19658
7125	19661
7125	19664
7125	19667
7125	19670
7125	19673
7125	19676
7125	19679
7125	19682
7125	19685
7125	19688
7125	19691
7125	19694
7125	19697
7125	19700
7125	19703
7125	19706
7125	19709
7126	19712
7126	19715
7126	19721
7126	19724
7126	19727
7126	19730
7126	19733
7126	19736
7126	19739
7126	19742
7126	19745
7126	19748
7126	19751
7126	19754
7126	19757
7126	19760
7126	19763
7126	19766
7126	19769
7126	19772
7126	19775
7126	19778
7126	19781
7126	19784
7126	19787
7126	19790
7126	19793
7126	19796
7126	19799
7127	19802
7127	19805
7127	19808
7127	19811
7127	19814
7127	19817
7127	19820
7127	19823
7127	19826
7127	19829
7131	19832
7131	19835
7131	19838
7131	19841
7131	19844
7131	19847
7131	19850
7131	19853
7131	19856
7131	19859
7132	19862
7132	19865
7132	19868
7132	19871
7132	19874
7132	19877
7132	19880
7132	19883
7132	19886
7132	19889
7132	19892
7132	19895
7132	19898
7132	19901
7132	19904
7133	19907
7133	19910
7133	19913
7133	19916
7133	19919
7133	19922
7133	19925
7133	19928
7133	19931
7133	19934
7133	19937
7133	19940
7133	19943
7133	19946
7133	19949
7211	19952
7211	19955
7211	19958
7211	19964
7211	19967
7211	19970
7211	19973
7211	19976
7211	19979
7212	19982
7212	19985
7212	19988
7212	19991
7212	19994
7212	19997
7212	20000
7212	20003
7212	20006
7212	20009
7212	20012
7212	20015
7212	20018
7212	20021
7212	20024
7213	20027
7213	20030
7213	20033
7213	20036
7213	20039
7213	20042
7213	20045
7213	20048
7213	20051
7213	20054
7213	20057
7213	20060
7213	20063
7213	20066
7213	20069
7213	20072
7213	20075
7213	20078
7213	20081
7213	20084
7214	20087
7214	20090
7214	20093
7214	20096
7214	20099
7214	20102
7214	20105
7214	20108
7214	20111
7214	20114
7214	20117
7214	20120
7214	20123
7214	20126
7214	20129
7215	20132
7215	20135
7215	20138
7215	20141
7215	20144
7215	20147
7215	20150
7215	20153
7215	20156
7215	20159
7215	20162
7215	20165
7215	20168
7215	20171
7215	20174
7215	20177
7215	20180
7215	20183
7215	20186
7215	20189
7215	20192
7215	20195
7215	20198
7215	20201
7215	20204
7221	20207
7221	20210
7221	20213
7221	20216
7221	20219
7221	20222
7221	20225
7221	20231
7221	20234
7221	20237
7221	20240
7221	20243
7221	20249
7221	20252
7221	20255
7221	20258
7221	20261
7221	20264
7222	20270
7222	20273
7222	20276
7222	20279
7222	20282
7222	20285
7222	20288
7222	20291
7222	20294
7222	20297
7222	20300
7222	20303
7222	20306
7222	20309
7222	20312
7222	20315
7222	20318
7222	20321
7222	20324
7222	20327
7222	20330
7222	20333
7222	20336
7222	20339
7222	20342
7222	20345
7222	20348
7222	20351
7222	20354
7223	20357
7223	20360
7223	20363
7223	20366
7223	20369
7223	20372
7223	20375
7223	20378
7223	20381
7223	20384
7223	20387
7223	20390
7223	20393
7223	20396
7223	20399
7223	20405
7223	20411
7223	20414
7223	20417
7223	20420
7223	20423
7223	20426
7223	20429
7223	20432
7223	20435
7223	20438
7223	20441
7223	20444
7223	20447
7223	20450
7223	20453
7223	20456
7223	20459
7223	20462
7223	20465
7223	20468
7223	20471
7223	20474
7224	20477
7224	20480
7224	20483
7224	20486
7224	20489
7224	20492
7224	20495
7224	20498
7224	20501
7224	20504
7224	20507
7224	20513
7224	20516
7224	20519
7224	20522
7224	20525
7224	20528
7224	20531
7224	20534
7231	20537
7231	20540
7231	20543
7231	20546
7231	20549
7231	20552
7231	20555
7231	20558
7231	20561
7231	20564
7231	20567
7231	20570
7231	20573
7231	20576
7231	20579
7231	20582
7231	20585
7231	20588
7231	20591
7231	20594
7231	20597
7231	20600
7231	20603
7231	20606
7231	20609
7231	20612
7231	20615
7231	20618
7231	20621
7231	20624
7231	20627
7231	20630
7231	20633
7231	20636
7231	20639
7231	20642
7231	20645
7231	20648
7231	20651
7231	20654
7231	20657
7231	20660
7231	20663
7231	20666
7231	20669
7231	20672
7231	20675
7231	20678
7231	20681
7231	20684
7231	20687
7231	20690
7231	20693
7231	20696
7231	20699
7231	20702
7231	20705
7231	20708
7231	20711
7231	20714
7231	20717
7231	20720
7231	20723
7231	20726
7231	20729
7232	20732
7232	20735
7232	20738
7232	20741
7232	20744
7232	20747
7232	20750
7232	20753
7232	20756
7232	20759
7232	20762
7232	20765
7232	20768
7232	20771
7232	20774
7232	20777
7232	20780
7232	20783
7232	20786
7232	20789
7232	20792
7232	20795
7232	20798
7232	20804
7232	20807
7232	20810
7232	20813
7232	20816
7232	20819
7232	20822
7232	20825
7232	20828
7232	20831
7232	20834
7232	20837
7232	20840
7232	20843
7232	20846
7232	20849
7232	20852
7232	20855
7232	20858
7232	20861
7232	20864
7232	20867
7232	20870
7232	20873
7232	20876
7232	20879
7232	20882
7232	20885
7232	20888
7232	20891
7232	20894
7232	20897
7232	20900
7232	20903
7232	20906
7232	20909
7232	20912
7232	20915
7232	20918
7232	20921
7232	20924
7232	20927
7232	20930
7232	20933
7232	20936
7232	20939
7232	20942
7232	20945
7232	20948
7232	20951
7232	20954
7232	20957
7232	20960
7232	20963
7232	20969
7233	20972
7233	20975
7233	20978
7233	20981
7233	20984
7233	20987
7233	20990
7233	20993
7233	20996
7233	20999
7233	21002
7233	21005
7233	21008
7233	21011
7233	21014
7233	21017
7233	21020
7233	21023
7233	21026
7233	21029
7233	21032
7233	21035
7233	21038
7233	21041
7233	21044
7233	21047
7233	21050
7233	21053
7233	21056
7233	21059
7233	21062
7233	21065
7233	21068
7233	21071
7233	21074
7233	21077
7233	21080
7233	21083
7233	21086
7233	21089
7233	21092
7233	21095
7233	21098
7233	21101
7233	21104
7234	21107
7234	21110
7234	21113
7234	21116
7234	21119
7234	21122
7234	21125
7234	21128
7234	21131
7234	21134
7234	21137
7234	21140
7234	21143
7234	21146
7234	21149
7234	21152
7234	21155
7234	21158
7234	21161
7234	21164
7311	21167
7311	21170
7311	21173
7311	21176
7311	21179
7311	21182
7311	21185
7311	21188
7311	21191
7311	21194
7311	21197
7311	21200
7311	21203
7311	21206
7311	21209
7311	21212
7311	21215
7311	21218
7311	21221
7311	21224
7312	21227
7312	21230
7312	21233
7312	21236
7312	21239
7312	21242
7312	21245
7312	21248
7312	21251
7312	21254
7312	21257
7312	21260
7312	21263
7312	21266
7312	21269
7312	21272
7312	21275
7312	21278
7312	21281
7312	21284
7313	21287
7313	21290
7313	21293
7313	21296
7313	21299
7313	21302
7313	21305
7313	21308
7313	21311
7313	21314
7313	21320
7313	21326
7313	21329
7313	21332
7313	21335
7313	21338
7313	21341
7313	21344
7313	21350
7313	21353
7313	21356
7313	21359
7314	21362
7314	21365
7314	21371
7314	21374
7314	21377
7314	21380
7314	21383
7314	21386
7314	21389
7314	21392
7314	21395
7314	21398
7314	21401
7314	21404
7314	21407
7314	21410
7314	21413
7314	21416
7314	21419
7314	21422
7314	21425
7314	21428
7314	21431
7314	21434
7315	21437
7315	21440
7315	21443
7315	21446
7315	21449
7315	21452
7315	21455
7315	21458
7315	21461
7315	21464
7315	21467
7315	21470
7315	21473
7315	21476
7315	21479
7315	21482
7315	21485
7315	21488
7315	21491
7315	21494
7316	21497
7316	21500
7316	21503
7316	21506
7316	21509
7316	21512
7316	21515
7316	21518
7316	21521
7316	21524
7316	21527
7316	21530
7316	21533
7316	21536
7316	21539
7316	21542
7316	21545
7316	21548
7316	21551
7316	21554
7316	21557
7316	21560
7316	21563
7316	21566
7316	21569
7317	21572
7317	21575
7317	21578
7317	21581
7317	21584
7317	21587
7317	21590
7317	21593
7317	21596
7317	21599
7317	21602
7317	21605
7317	21608
7317	21611
7317	21614
7317	21617
7317	21620
7317	21623
7317	21626
7317	21629
7317	21632
7317	21635
7317	21638
7317	21641
7317	21644
7318	21647
7318	21650
7318	21653
7318	21656
7318	21659
7318	21662
7318	21665
7318	21668
7318	21671
7318	21674
7318	21677
7318	21680
7318	21683
7318	21686
7318	21689
7318	21692
7318	21695
7318	21698
7318	21701
7318	21704
7318	21707
7318	21710
7318	21713
7318	21716
7318	21719
7318	21722
7318	21725
7318	21728
7318	21731
7318	21734
7318	21737
7318	21740
7318	21743
7318	21746
7318	21749
7318	21752
7318	21755
7318	21758
7318	21761
7318	21764
7318	21767
7318	21770
7318	21773
7318	21776
7318	21779
7318	21782
7318	21785
7318	21788
7318	21791
7318	21794
7318	21797
7318	21800
7318	21803
7318	21806
7318	21809
7319	21812
7319	21815
7319	21818
7319	21821
7319	21824
7319	21827
7319	21830
7319	21833
7319	21836
7319	21839
7319	21842
7319	21845
7319	21848
7319	21851
7319	21854
7321	21857
7321	21860
7321	21863
7321	21866
7321	21869
7321	21872
7321	21875
7321	21878
7321	21881
7321	21884
7321	21887
7321	21890
7321	21893
7321	21896
7321	21899
7321	21902
7321	21905
7321	21908
7321	21911
7321	21914
7321	21917
7321	21920
7321	21923
7321	21926
7321	21929
7321	21932
7321	21935
7321	21938
7321	21941
7321	21944
7321	21947
7321	21950
7321	21953
7321	21956
7321	21959
7321	21962
7321	21965
7321	21968
7321	21971
7321	21974
7321	21977
7321	21980
7321	21983
7321	21986
7321	21989
7322	21992
7322	21995
7322	21998
7322	22001
7322	22004
7322	22007
7322	22010
7322	22013
7322	22016
7322	22019
7322	22022
7322	22025
7322	22028
7322	22031
7322	22034
7322	22037
7322	22040
7322	22043
7322	22046
7322	22049
7322	22052
7322	22055
7322	22058
7322	22061
7322	22064
7322	22067
7322	22070
7322	22073
7322	22076
7322	22079
7322	22082
7322	22085
7322	22088
7322	22091
7322	22094
7322	22097
7322	22100
7322	22103
7322	22106
7322	22109
7322	22112
7322	22115
7322	22118
7322	22124
7322	22127
7322	22130
7322	22133
7322	22136
7322	22139
7322	22142
7322	22145
7322	22148
7322	22151
7322	22154
7323	22157
7323	22160
7323	22163
7323	22166
7323	22169
7323	22172
7323	22175
7323	22178
7323	22181
7323	22184
7323	22187
7323	22190
7323	22193
7323	22196
7323	22199
7323	22202
7323	22205
7323	22208
7323	22211
7323	22214
7323	22217
7323	22220
7323	22223
7323	22226
7323	22229
7323	22232
7323	22235
7323	22238
7323	22241
7323	22244
7323	22247
7323	22250
7323	22253
7323	22256
7323	22259
7323	22262
7323	22265
7323	22268
7323	22271
7323	22274
7323	22277
7323	22280
7323	22283
7323	22286
7323	22289
7323	22292
7323	22295
7323	22298
7323	22301
7323	22304
7411	22307
7411	22310
7411	22313
7411	22316
7411	22319
7411	22322
7411	22325
7411	22328
7411	22331
7411	22334
7412	22337
7412	22340
7412	22346
7412	22349
7412	22352
7412	22355
7412	22358
7412	22361
7412	22364
7412	22367
7412	22370
7412	22373
7412	22376
7412	22379
7412	22382
7412	22385
7412	22388
7412	22391
7412	22394
7412	22397
7412	22400
7412	22403
7412	22406
7412	22409
7413	22412
7413	22415
7413	22418
7413	22421
7413	22424
7413	22427
7413	22430
7413	22433
7413	22436
7413	22439
7421	22442
7421	22445
7421	22448
7421	22451
7421	22454
7421	22457
7421	22460
7421	22466
7421	22469
7421	22472
7421	22475
7421	22478
7421	22481
7421	22484
7421	22487
7421	22490
7421	22493
7421	22496
7421	22499
7421	22502
7421	22505
7421	22508
7421	22511
7421	22514
7421	22517
7421	22520
7421	22523
7421	22526
7421	22529
7422	22532
7422	22535
7422	22538
7422	22541
7422	22544
7422	22547
7422	22550
7422	22553
7422	22556
7422	22559
7422	22562
7422	22565
7422	22568
7422	22571
7422	22574
7422	22577
7422	22580
7422	22583
7422	22586
7422	22589
7422	22592
7422	22595
7422	22598
7422	22601
7422	22604
7422	22607
7422	22610
7422	22613
7422	22616
7422	22619
7422	22622
7422	22625
7422	22628
7422	22631
7422	22634
7511	22637
7511	22640
7511	22643
7511	22646
7511	22649
7511	22652
7511	22655
7511	22658
7511	22661
7511	22664
7511	22667
7511	22670
7511	22673
7511	22676
7511	22679
7511	22682
7511	22685
7511	22688
7511	22691
7511	22694
7512	22697
7512	22700
7512	22703
7512	22706
7512	22709
7512	22712
7512	22715
7512	22718
7512	22721
7512	22724
7512	22727
7512	22730
7512	22733
7512	22736
7512	22739
7512	22742
7512	22745
7512	22748
7512	22751
7512	22754
7513	22757
7513	22760
7513	22763
7513	22766
7513	22769
7513	22772
7513	22775
7513	22778
7513	22781
7513	22784
7514	22787
7514	22790
7514	22793
7514	22796
7514	22799
7514	22802
7514	22805
7514	22808
7514	22811
7514	22814
7514	22817
7514	22820
7514	22823
7514	22826
7514	22829
7514	22832
7514	22835
7514	22838
7514	22841
7514	22844
7514	22847
7514	22850
7514	22853
7514	22856
7514	22859
7514	22862
7514	22865
7514	22868
7514	22871
7514	22874
7515	22877
7515	22880
7515	22883
7515	22886
7515	22889
7515	22892
7515	22895
7515	22898
7515	22901
7515	22904
7515	22907
7515	22910
7515	22913
7515	22916
7515	22919
7515	22922
7515	22925
7515	22928
7515	22931
7515	22934
7515	22937
7515	22940
7515	22943
7515	22946
7515	22949
7516	22952
7516	22955
7516	22958
7516	22961
7516	22964
7516	22967
7516	22970
7516	22973
7516	22976
7516	22979
7516	22982
7516	22985
7516	22988
7516	22991
7516	22994
7521	22997
7521	23000
7521	23003
7521	23006
7521	23009
7521	23012
7521	23015
7521	23018
7521	23021
7521	23024
7521	23027
7521	23030
7521	23033
7521	23036
7521	23039
7521	23042
7521	23045
7521	23048
7521	23051
7521	23054
7521	23057
7521	23060
7521	23063
7521	23066
7521	23069
7521	23072
7521	23075
7521	23078
7521	23081
7521	23084
7522	23090
7522	23096
7522	23099
7522	23102
7522	23105
7522	23108
7522	23111
7522	23114
7522	23117
7522	23120
7522	23126
7522	23129
7522	23132
7522	23135
7522	23138
7522	23141
7522	23144
7522	23147
7522	23150
7522	23153
7522	23156
7522	23159
7523	23162
7523	23165
7523	23171
7523	23174
7523	23177
7523	23180
7523	23183
7523	23186
7523	23189
7523	23192
7523	23195
7523	23198
7523	23201
7523	23204
7523	23207
7523	23210
7523	23213
7523	23216
7523	23219
7523	23222
7523	23225
7523	23228
7523	23231
7523	23234
7523	23237
7523	23240
7523	23243
7523	23246
7523	23249
7523	23252
7523	23255
7523	23261
7523	23267
7523	23270
7523	23273
7523	23279
7523	23282
7523	23285
7523	23288
7523	23291
7523	23294
7531	23297
7531	23300
7531	23303
7531	23306
7531	23309
7531	23312
7531	23315
7531	23318
7531	23321
7531	23324
7531	23327
7531	23330
7531	23333
7531	23336
7531	23339
7531	23342
7531	23345
7531	23348
7531	23351
7531	23354
7531	23357
7531	23360
7531	23363
7531	23366
7531	23369
7531	23372
7531	23375
7531	23378
7531	23381
7531	23384
7532	23387
7532	23390
7532	23393
7532	23396
7532	23399
7532	23402
7532	23405
7532	23408
7532	23411
7532	23414
7532	23420
7532	23423
7532	23426
7532	23429
7532	23432
7532	23435
7532	23438
7532	23441
7532	23444
7533	23447
7533	23450
7533	23453
7533	23456
7533	23459
7533	23462
7533	23465
7533	23468
7533	23471
7533	23474
7533	23477
7533	23480
7533	23483
7533	23486
7533	23489
7534	23492
7534	23495
7534	23498
7534	23501
7534	23504
7534	23507
7534	23510
7534	23513
7534	23516
7534	23519
7534	23522
7534	23525
7534	23528
7534	23531
7534	23534
7534	23537
7534	23540
7534	23543
7534	23546
7535	23552
7535	23555
7535	23558
7535	23561
7535	23564
7535	23567
7535	23570
7535	23573
7535	23576
7535	23579
7535	23582
7535	23585
7535	23588
7535	23591
7535	23594
7536	23597
7536	23600
7536	23603
7536	23606
7536	23609
7536	23612
7536	23615
7536	23618
7536	23621
7536	23624
7536	23627
7536	23630
7536	23633
7536	23636
7536	23639
7536	23642
7536	23645
7536	23648
7536	23651
7536	23654
7541	23657
7541	23660
7541	23663
7541	23666
7541	23669
7541	23672
7541	23675
7541	23678
7541	23681
7541	23684
7541	23687
7541	23690
7541	23693
7541	23696
7541	23699
7541	23702
7541	23705
7541	23708
7541	23711
7541	23714
7542	23717
7542	23720
7542	23723
7542	23726
7542	23729
7542	23732
7542	23735
7542	23738
7542	23741
7542	23744
7542	23747
7542	23750
7542	23753
7542	23756
7542	23759
7542	23762
7542	23765
7542	23768
7542	23771
7542	23774
7543	23777
7543	23780
7543	23783
7543	23786
7543	23789
7543	23792
7543	23795
7543	23801
7543	23804
7543	23807
7543	23810
7543	23813
7543	23816
7543	23819
7544	23822
7544	23825
7544	23828
7544	23831
7544	23834
7544	23837
7544	23840
7544	23843
7544	23846
7544	23849
7544	23852
7544	23855
7544	23858
7544	23861
7544	23864
7549	23867
7549	23870
7549	23873
7549	23876
7549	23879
7549	23882
7549	23885
7549	23888
7549	23891
7549	23894
7549	23897
7549	23900
7549	23903
7549	23906
7549	23909
8111	23915
8111	23918
8111	23921
8111	23924
8111	23927
8111	23930
8111	23933
8111	23939
8111	23942
8111	23945
8111	23948
8111	23951
8111	23954
8111	23957
8111	23963
8111	23966
8111	23969
8111	23972
8111	23975
8111	23978
8111	23981
8111	23984
8111	23987
8111	23990
8111	23993
8111	23996
8111	23999
8111	24002
8111	24005
8111	24008
8111	24011
8111	24014
8111	24017
8111	24020
8111	24023
8111	24026
8111	24029
8111	24032
8111	24035
8111	24038
8111	24041
8111	24044
8112	24047
8112	24050
8112	24053
8112	24056
8112	24059
8112	24062
8112	24065
8112	24068
8112	24071
8112	24074
8112	24077
8112	24080
8112	24083
8112	24086
8112	24089
8112	24092
8112	24095
8112	24098
8112	24101
8112	24104
8112	24107
8112	24110
8112	24113
8112	24116
8112	24119
8112	24122
8112	24125
8112	24131
8112	24134
8113	24137
8113	24140
8113	24143
8113	24146
8113	24149
8113	24152
8113	24155
8113	24161
8113	24164
8113	24167
8113	24170
8113	24173
8113	24176
8113	24179
8113	24182
8113	24185
8113	24188
8113	24191
8113	24194
8113	24197
8113	24200
8113	24203
8113	24206
8113	24209
8113	24212
8113	24215
8113	24218
8113	24221
8113	24224
8113	24227
8113	24230
8113	24233
8113	24236
8113	24239
8113	24242
8113	24245
8113	24248
8113	24254
8113	24257
8113	24260
8113	24263
8113	24266
8113	24269
8113	24272
8113	24275
8113	24278
8113	24281
8113	24284
8113	24287
8113	24290
8113	24293
8113	24296
8113	24299
8113	24302
8113	24305
8113	24308
8113	24311
8113	24314
8114	24317
8114	24320
8114	24323
8114	24326
8114	24329
8114	24332
8114	24335
8114	24338
8114	24341
8114	24344
8114	24347
8114	24350
8114	24353
8114	24356
8114	24359
8114	24362
8114	24365
8114	24368
8114	24371
8114	24374
8114	24377
8114	24380
8114	24383
8114	24386
8114	24389
8114	24392
8114	24395
8114	24398
8114	24401
8114	24404
8121	24407
8121	24410
8121	24413
8121	24416
8121	24419
8121	24422
8121	24425
8121	24428
8121	24434
8121	24437
8121	24440
8121	24443
8121	24446
8121	24449
8121	24452
8121	24455
8121	24458
8121	24461
8121	24464
8122	24467
8122	24470
8122	24473
8122	24476
8122	24479
8122	24482
8122	24485
8122	24488
8122	24491
8122	24494
8122	24497
8122	24500
8122	24503
8122	24506
8122	24509
8122	24512
8122	24515
8122	24518
8122	24521
8122	24524
8131	24527
8131	24530
8131	24533
8131	24536
8131	24539
8131	24542
8131	24545
8131	24548
8131	24551
8131	24554
8131	24557
8131	24560
8131	24563
8131	24566
8131	24569
8132	24572
8132	24575
8132	24578
8132	24581
8132	24584
8132	24587
8132	24590
8132	24593
8132	24596
8132	24599
8132	24602
8132	24605
8132	24608
8132	24611
8132	24614
8132	24617
8132	24620
8132	24623
8132	24626
8132	24629
8132	24632
8132	24635
8132	24638
8132	24641
8132	24644
8132	24647
8132	24650
8132	24653
8132	24656
8132	24659
8132	24662
8132	24665
8132	24668
8132	24671
8132	24674
8132	24677
8132	24680
8132	24683
8132	24686
8132	24689
8132	24692
8132	24695
8132	24698
8132	24701
8132	24704
8141	24707
8141	24710
8141	24713
8141	24719
8141	24722
8141	24725
8141	24728
8141	24731
8141	24734
8141	24737
8141	24740
8141	24743
8141	24746
8141	24749
8141	24752
8141	24755
8141	24758
8141	24764
8141	24767
8141	24770
8141	24773
8141	24776
8141	24779
8141	24782
8141	24785
8141	24788
8141	24791
8141	24794
8141	24797
8141	24800
8141	24803
8141	24806
8141	24809
8141	24812
8141	24815
8141	24818
8141	24821
8141	24824
8142	24827
8142	24830
8142	24833
8142	24836
8142	24839
8142	24842
8142	24845
8142	24851
8142	24854
8142	24857
8142	24860
8142	24863
8142	24866
8142	24869
8142	24872
8142	24875
8142	24878
8142	24881
8142	24884
8142	24887
8142	24890
8142	24893
8142	24896
8142	24899
8142	24902
8142	24905
8142	24908
8142	24911
8142	24914
8142	24917
8142	24920
8142	24923
8142	24926
8142	24929
8142	24932
8142	24935
8142	24938
8142	24941
8142	24944
8143	24947
8143	24950
8143	24953
8143	24956
8143	24959
8143	24962
8143	24965
8143	24968
8143	24971
8143	24974
8143	24977
8143	24980
8143	24983
8143	24989
8143	24992
8143	24995
8143	24998
8143	25001
8143	25004
8143	25007
8143	25010
8143	25013
8143	25016
8143	25019
8151	25022
8151	25025
8151	25028
8151	25031
8151	25034
8151	25037
8151	25040
8151	25043
8151	25046
8151	25049
8151	25052
8151	25055
8151	25058
8151	25061
8151	25064
8151	25067
8151	25070
8151	25073
8151	25076
8151	25079
8151	25082
8151	25085
8151	25088
8151	25091
8151	25094
8152	25097
8152	25100
8152	25103
8152	25106
8152	25109
8152	25112
8152	25115
8152	25118
8152	25127
8152	25130
8152	25133
8152	25136
8152	25139
8152	25142
8152	25145
8152	25148
8152	25151
8152	25154
8153	25157
8153	25160
8153	25163
8153	25169
8153	25172
8153	25175
8153	25178
8153	25181
8153	25184
8154	25187
8154	25190
8154	25193
8154	25196
8154	25202
8154	25205
8154	25208
8154	25211
8154	25214
8155	25217
8155	25223
8155	25226
8155	25229
8155	25232
8155	25235
8155	25238
8155	25241
8155	25244
8155	25247
8155	25250
8155	25253
8155	25256
8155	25259
8156	25262
8156	25265
8156	25268
8156	25271
8156	25274
8157	25277
8157	25280
8157	25283
8157	25286
8157	25289
8157	25292
8157	25295
8157	25298
8157	25301
8157	25304
8157	25310
8157	25316
8157	25319
8159	25322
8159	25325
8159	25328
8159	25331
8159	25334
8159	25337
8159	25340
8159	25343
8159	25346
8159	25349
8159	25352
8159	25355
8159	25358
8159	25361
8159	25364
8159	25367
8159	25370
8159	25373
8159	25376
8159	25379
8160	25382
8160	25385
8160	25388
8160	25391
8160	25394
8160	25397
8160	25400
8160	25403
8160	25409
8160	25412
8160	25415
8160	25418
8160	25424
8160	25427
8160	25430
8160	25433
8160	25436
8160	25439
8160	25442
8160	25445
8160	25448
8160	25451
8160	25454
8160	25457
8160	25460
8160	25463
8160	25466
8160	25469
8160	25472
8160	25475
8160	25478
8160	25481
8160	25484
8160	25487
8160	25490
8160	25493
8160	25496
8160	25499
8160	25502
8160	25505
8160	25508
8160	25511
8160	25514
8171	25517
8171	25520
8171	25523
8171	25526
8171	25529
8171	25532
8171	25535
8171	25538
8171	25544
8171	25547
8171	25550
8171	25553
8171	25556
8171	25559
8171	25562
8171	25565
8171	25568
8171	25571
8171	25574
8172	25577
8172	25580
8172	25583
8172	25586
8172	25589
8172	25592
8172	25595
8172	25598
8172	25601
8172	25604
8172	25607
8172	25610
8172	25613
8172	25616
8172	25619
8172	25622
8172	25625
8172	25628
8172	25631
8172	25634
8172	25637
8172	25640
8172	25643
8172	25649
8172	25652
8172	25655
8172	25658
8172	25661
8172	25664
8172	25667
8172	25670
8172	25673
8172	25676
8172	25679
8172	25682
8172	25685
8172	25688
8172	25691
8172	25694
8181	25697
8181	25700
8181	25703
8181	25706
8181	25712
8181	25715
8181	25718
8181	25721
8181	25724
8181	25727
8181	25730
8181	25736
8181	25739
8181	25742
8181	25745
8181	25748
8181	25751
8181	25754
8181	25757
8181	25760
8181	25766
8181	25769
8181	25772
8181	25775
8181	25778
8181	25781
8181	25784
8181	25787
8181	25790
8181	25793
8181	25796
8181	25799
8181	25802
8181	25805
8181	25808
8181	25811
8181	25814
8181	25817
8181	25820
8181	25823
8181	25826
8181	25829
8181	25832
8181	25835
8181	25838
8181	25841
8181	25844
8182	25847
8182	25850
8182	25853
8182	25856
8182	25859
8182	25862
8182	25865
8182	25868
8182	25871
8182	25874
8182	25877
8182	25880
8182	25883
8182	25886
8182	25889
8182	25892
8182	25895
8182	25898
8182	25901
8182	25904
8182	25907
8182	25910
8182	25913
8182	25916
8182	25919
8183	25922
8183	25925
8183	25928
8183	25931
8183	25934
8183	25937
8183	25940
8183	25943
8183	25946
8183	25949
8183	25952
8183	25955
8183	25958
8183	25961
8183	25964
8183	25967
8183	25970
8183	25973
8183	25976
8183	25979
8183	25982
8183	25985
8183	25988
8183	25991
8183	25994
8189	25997
8189	26000
8189	26003
8189	26006
8189	26009
8189	26012
8189	26015
8189	26018
8189	26021
8189	26024
8211	26027
8211	26030
8211	26033
8211	26036
8211	26039
8211	26042
8211	26045
8211	26048
8211	26051
8211	26054
8211	26057
8211	26060
8211	26063
8211	26066
8211	26069
8211	26072
8211	26075
8211	26078
8211	26081
8211	26084
8211	26087
8211	26090
8211	26093
8211	26096
8211	26099
8211	26102
8211	26105
8211	26108
8211	26111
8211	26114
8211	26117
8211	26120
8211	26123
8211	26126
8211	26129
8212	26132
8212	26135
8212	26138
8212	26141
8212	26144
8212	26147
8212	26150
8212	26153
8212	26156
8212	26159
8212	26162
8212	26165
8212	26168
8212	26171
8212	26174
8212	26177
8212	26180
8212	26183
8212	26186
8212	26189
8212	26195
8212	26198
8212	26201
8212	26204
8212	26207
8212	26210
8212	26213
8212	26216
8212	26219
8212	26222
8212	26225
8212	26228
8212	26231
8212	26234
8212	26237
8212	26240
8212	26243
8212	26246
8212	26249
8219	26252
8219	26255
8219	26258
8219	26261
8219	26264
8219	26267
8219	26270
8219	26273
8219	26276
8219	26279
8219	26282
8219	26285
8219	26288
8219	26291
8219	26294
8219	26297
8219	26300
8219	26303
8219	26306
8219	26309
8219	26312
8219	26315
8219	26318
8219	26321
8219	26324
8219	26327
8219	26330
8219	26333
8219	26336
8219	26339
8219	26342
8219	26345
8219	26348
8219	26351
8219	26354
8219	26357
8219	26360
8219	26363
8219	26366
8219	26369
8219	26372
8219	26375
8219	26378
8219	26381
8219	26384
8219	26387
8219	26390
8219	26393
8219	26396
8219	26399
8219	26402
8219	26405
8219	26408
8219	26411
8219	26414
8219	26417
8219	26420
8219	26423
8219	26426
8219	26429
8219	26435
8219	26438
8219	26441
8219	26444
8219	26447
8219	26450
8219	26453
8219	26456
8219	26459
8219	26462
8219	26465
8219	26468
8219	26471
8219	26474
8219	26477
8219	26480
8219	26486
8219	26489
8219	26492
8219	26495
8219	26498
8219	26501
8219	26504
8219	26507
8219	26510
8219	26513
8219	26516
8219	26519
8219	26522
8219	26525
8219	26528
8219	26531
8219	26534
8219	26537
8219	26540
8219	26543
8219	26546
8219	26549
8311	26552
8311	26555
8311	26558
8311	26561
8311	26567
8311	26570
8311	26573
8311	26576
8311	26579
8311	26582
8311	26585
8311	26588
8311	26591
8311	26594
8312	26597
8312	26600
8312	26603
8312	26606
8312	26609
8312	26615
8312	26618
8312	26624
8312	26627
8312	26630
8312	26633
8312	26636
8312	26639
8321	26642
8321	26645
8321	26648
8321	26651
8321	26654
8321	26657
8321	26660
8321	26666
8321	26669
8321	26672
8321	26675
8321	26678
8321	26684
8321	26687
8321	26690
8321	26693
8321	26696
8321	26699
8322	26705
8322	26711
8322	26714
8322	26717
8322	26723
8322	26726
8322	26729
8322	26732
8322	26735
8322	26738
8322	26741
8322	26744
8322	26747
8322	26750
8322	26753
8322	26756
8322	26759
8322	26762
8322	26765
8322	26771
8322	26774
8331	26780
8331	26786
8331	26789
8331	26792
8331	26801
8331	26804
8331	26807
8331	26810
8331	26813
8331	26816
8331	26819
8332	26822
8332	26825
8332	26828
8332	26831
8332	26837
8332	26840
8332	26846
8332	26849
8332	26852
8332	26855
8332	26861
8332	26864
8332	26867
8332	26870
8332	26876
8332	26879
8341	26882
8341	26885
8341	26888
8341	26891
8341	26894
8341	26897
8341	26900
8341	26903
8341	26906
8341	26909
8341	26912
8341	26915
8341	26924
8341	26927
8341	26930
8341	26933
8341	26936
8341	26939
8341	26942
8341	26945
8341	26948
8341	26951
8341	26954
8342	26957
8342	26960
8342	26963
8342	26966
8342	26969
8342	26972
8342	26975
8342	26981
8342	26984
8342	26987
8342	26990
8342	26993
8342	26996
8342	26999
8342	27002
8342	27005
8342	27011
8342	27014
8342	27017
8342	27020
8342	27023
8342	27026
8342	27029
8342	27032
8342	27035
8342	27038
8342	27041
8342	27044
8342	27047
8342	27050
8342	27053
8342	27056
8342	27059
8343	27062
8343	27065
8343	27068
8343	27071
8343	27074
8343	27077
8343	27080
8343	27083
8343	27086
8343	27089
8343	27092
8343	27095
8343	27098
8343	27101
8343	27104
8343	27110
8343	27113
8343	27116
8343	27119
8343	27122
8343	27125
8343	27128
8343	27131
8343	27134
8343	27137
8343	27140
8343	27143
8343	27146
8343	27149
8343	27152
8343	27155
8343	27158
8343	27161
8343	27164
8344	27167
8344	27170
8344	27173
8344	27176
8344	27179
8350	27182
8350	27185
8350	27188
8350	27191
8350	27194
8350	27197
8350	27200
8350	27203
8350	27206
8350	27209
8350	27212
8350	27215
8350	27218
8350	27221
8350	27224
8350	27227
8350	27230
8350	27233
8350	27236
8350	27239
9111	27242
9111	27245
9111	27248
9111	27251
9111	27254
9111	27257
9111	27260
9111	27263
9111	27266
9111	27269
9111	27272
9111	27281
9111	27284
9112	27287
9112	27290
9112	27293
9112	27296
9112	27299
9112	27302
9112	27305
9112	27308
9112	27311
9112	27314
9112	27317
9112	27320
9112	27323
9112	27326
9112	27329
9112	27332
9112	27335
9112	27338
9112	27341
9112	27344
9121	27347
9121	27350
9121	27353
9121	27356
9121	27359
9121	27362
9121	27365
9121	27368
9121	27371
9121	27374
9121	27377
9121	27380
9121	27383
9121	27386
9121	27389
9121	27392
9121	27395
9121	27398
9121	27401
9121	27404
9122	27407
9122	27410
9122	27413
9122	27416
9122	27419
9122	27422
9122	27425
9122	27428
9122	27431
9122	27434
9123	27437
9123	27440
9123	27443
9123	27446
9123	27449
9129	27452
9129	27455
9129	27458
9129	27461
9129	27464
9129	27467
9129	27470
9129	27473
9129	27476
9129	27479
9129	27482
9129	27485
9129	27488
9129	27491
9129	27494
9129	27497
9129	27500
9129	27503
9129	27506
9129	27509
9129	27512
9129	27515
9129	27518
9129	27521
9129	27524
9211	27527
9211	27530
9211	27533
9211	27536
9211	27539
9211	27542
9211	27545
9211	27551
9211	27554
9211	27557
9211	27560
9211	27563
9211	27566
9211	27569
9211	27572
9211	27575
9211	27578
9211	27581
9211	27584
9212	27587
9212	27590
9212	27593
9212	27596
9212	27599
9213	27602
9213	27605
9213	27608
9213	27611
9213	27614
9214	27617
9214	27620
9214	27623
9214	27626
9214	27629
9214	27632
9214	27635
9214	27638
9214	27641
9214	27644
9214	27647
9214	27650
9214	27656
9214	27659
9214	27662
9214	27665
9214	27668
9214	27671
9214	27674
9215	27677
9215	27680
9215	27683
9215	27686
9215	27689
9215	27692
9215	27695
9215	27698
9215	27701
9215	27704
9215	27707
9215	27710
9215	27713
9215	27716
9215	27719
9216	27722
9216	27725
9216	27728
9216	27731
9216	27734
9216	27737
9216	27740
9216	27743
9216	27746
9216	27749
9311	27752
9311	27755
9311	27758
9311	27761
9311	27764
9311	27767
9311	27770
9311	27773
9311	27776
9311	27779
9312	27782
9312	27785
9312	27788
9312	27791
9312	27794
9312	27797
9312	27800
9312	27803
9312	27806
9312	27809
9312	27812
9312	27815
9312	27818
9312	27821
9312	27824
9313	27827
9313	27830
9313	27833
9313	27836
9313	27839
9313	27842
9313	27845
9313	27848
9313	27851
9313	27854
9313	27857
9313	27860
9313	27863
9313	27866
9313	27869
9313	27872
9313	27875
9313	27878
9313	27881
9313	27884
9321	27887
9321	27890
9321	27893
9321	27899
9321	27902
9321	27905
9321	27908
9321	27911
9321	27914
9321	27917
9321	27920
9321	27923
9321	27926
9321	27929
9329	27932
9329	27935
9329	27938
9329	27941
9329	27944
9329	27947
9329	27950
9329	27953
9329	27956
9329	27959
9329	27962
9329	27965
9329	27968
9329	27971
9329	27974
9329	27977
9329	27980
9329	27983
9329	27986
9329	27989
9331	27992
9331	27995
9331	27998
9331	28001
9331	28004
9331	28007
9331	28010
9331	28013
9331	28016
9331	28019
9331	28022
9331	28025
9331	28028
9331	28031
9331	28034
9331	28037
9331	28040
9331	28043
9331	28046
9331	28049
9332	28052
9332	28055
9332	28058
9332	28061
9332	28064
9332	28067
9332	28070
9332	28073
9332	28082
9332	28085
9332	28088
9332	28091
9332	28094
9333	28097
9333	28100
9333	28103
9333	28106
9333	28109
9333	28112
9333	28115
9333	28118
9333	28121
9333	28124
9333	28127
9333	28130
9333	28133
9333	28136
9333	28139
9334	28142
9334	28145
9334	28148
9334	28154
9334	28157
9334	28160
9334	28163
9334	28166
9334	28169
9334	28172
9334	28175
9334	28178
9334	28181
9334	28184
9411	28187
9411	28190
9411	28193
9411	28196
9411	28199
9411	28202
9411	28205
9411	28208
9411	28211
9411	28214
9411	28217
9411	28220
9411	28223
9411	28226
9411	28229
9411	28235
9411	28238
9411	28241
9411	28244
9412	28247
9412	28250
9412	28253
9412	28259
9412	28262
9412	28265
9412	28268
9412	28274
9412	28277
9412	28280
9412	28283
9412	28289
9412	28292
9412	28295
9412	28298
9412	28301
9412	28304
9412	28307
9412	28310
9412	28313
9412	28316
9412	28319
9412	28322
9412	28325
9412	28328
9412	28334
9510	28337
9510	28340
9510	28343
9510	28346
9510	28349
9510	28352
9510	28355
9510	28358
9510	28361
9510	28364
9510	28367
9510	28370
9510	28373
9510	28376
9510	28379
9510	28382
9510	28385
9510	28388
9510	28391
9510	28394
9510	28397
9510	28400
9510	28406
9510	28409
9510	28412
9510	28415
9510	28418
9510	28421
9510	28424
9520	28427
9520	28430
9520	28433
9520	28436
9520	28439
9520	28442
9520	28445
9520	28448
9520	28451
9520	28454
9520	28457
9520	28460
9520	28463
9520	28466
9520	28469
9611	28472
9611	28475
9611	28478
9611	28481
9611	28484
9611	28487
9611	28490
9611	28493
9611	28496
9611	28499
9611	28502
9611	28505
9611	28508
9611	28511
9611	28514
9612	28517
9612	28520
9612	28523
9612	28526
9612	28529
9612	28532
9612	28535
9612	28538
9612	28541
9612	28544
9612	28547
9612	28550
9612	28553
9612	28556
9612	28559
9613	28562
9613	28565
9613	28568
9613	28571
9613	28574
9613	28577
9613	28580
9613	28583
9613	28586
9613	28589
9621	28592
9621	28595
9621	28598
9621	28601
9621	28604
9621	28607
9621	28610
9621	28613
9621	28616
9621	28619
9621	28622
9621	28625
9621	28628
9621	28631
9621	28634
9621	28637
9621	28640
9621	28643
9621	28646
9621	28649
9621	28652
9621	28655
9621	28658
9621	28661
9621	28664
9622	28667
9622	28670
9622	28673
9622	28676
9622	28679
9622	28685
9622	28688
9622	28691
9622	28694
9622	28697
9622	28700
9622	28703
9622	28706
9622	28709
9623	28712
9623	28715
9623	28718
9623	28721
9623	28724
9623	28727
9623	28730
9623	28733
9623	28736
9623	28739
9624	28742
9624	28745
9624	28748
9624	28751
9624	28754
9624	28757
9624	28760
9624	28763
9624	28766
9624	28769
9629	28772
9629	28775
9629	28778
9629	28781
9629	28784
9629	28787
9629	28790
9629	28793
9629	28799
9629	28802
9629	28805
9629	28808
9629	28811
9629	28814
9629	28817
9629	28820
9629	28823
9629	28832
9629	28835
9629	28838
9629	28841
9629	28844
110	28847
110	28853
110	28859
110	28862
110	28865
110	28868
110	28871
110	28874
110	28877
110	28880
110	28883
110	28886
110	28889
110	28892
110	28895
110	28898
110	28901
110	28904
110	28907
110	28910
110	28913
110	28916
110	28919
110	28922
110	28925
110	28928
110	28931
110	28934
110	28937
110	28940
110	28946
110	28949
110	28952
110	28955
110	28958
110	28961
110	28964
110	28967
110	28973
110	28976
110	28979
110	28982
110	28985
110	28988
110	28991
110	28994
110	29000
110	29006
110	29009
110	29012
110	29018
110	29021
110	29024
110	29027
110	29030
110	29033
110	29036
110	29039
110	29042
110	29045
110	29048
110	29051
110	29054
110	29057
110	29060
110	29066
110	29069
110	29072
110	29075
110	29078
110	29081
110	29084
110	29087
110	29090
110	29096
110	29099
110	29102
110	29105
110	29108
110	29111
110	29114
110	29117
110	29120
110	29123
110	29126
110	29129
110	29132
110	29135
110	29138
110	29141
110	29144
110	29147
110	29150
110	29153
110	29156
110	29159
110	29162
110	29165
110	29171
110	29174
110	29177
110	29180
110	29183
110	29186
110	29189
210	29192
210	29195
210	29198
210	29201
210	29204
210	29207
210	29210
210	29213
210	29216
210	29219
210	29222
210	29225
210	29231
210	29234
210	29237
210	29240
210	29243
210	29246
210	29249
210	29252
210	29255
210	29258
210	29261
210	29264
310	29267
310	29270
310	29273
310	29276
310	29279
310	29282
310	29285
310	29288
310	29291
310	29294
310	29297
310	29300
310	29306
310	29309
310	29312
310	29315
310	29318
310	29321
310	29324
310	29327
310	29330
310	29333
310	29339
310	29345
310	29348
310	29351
310	29354
310	29357
310	29360
310	29363
310	29366
310	29369
310	29372
310	29375
310	29378
310	29384
310	29387
310	29390
310	29393
310	29396
310	29399
310	29402
310	29405
310	29408
310	29411
310	29414
